a,b,phash_dist,thumb_corr
Biological/L7_90bcd3b6a24bea0afb579ea8d02d1293.jpg,Biological/L7_a1229e653e3e82dd2600c53c42f1245a.jpg,0,1.0
Biological/L7_f12c8b347c739ffc708ff41a48f4b8e6.jpg,Biological/L7_d8d5cc8bf1d4a4605094dc8cf1c64019.jpg,0,1.0
Biological/L7_ecbdce4ba15368cb9179897493fbc8e1.jpg,Biological/L7_0181956310eda64bf54f3483efd0746d.jpg,0,1.0
Films_Coated_Surface/L3_71a22125013f4d9920c2bdc3592d0ec0.jpg,Films_Coated_Surface/L3_5d525897cbf0b9caf5ddabc81ff48848.jpg,0,1.0
Films_Coated_Surface/L3_9e87a6967d4eb47b5f4e4e3bf1fb8be7.jpg,Films_Coated_Surface/L3_7c5e0056f17fa836502887cb338e3cca.jpg,0,1.0
Films_Coated_Surface/L3_fee21245b28da20d3bfe680549353382.jpg,Films_Coated_Surface/L3_d9922c7919e8c3910de4a05badab381e.jpg,0,1.0
Films_Coated_Surface/L3_c4535ac3b7bf4f5a765193d89c522f5a.jpg,Films_Coated_Surface/L3_f2239177f99b219954075d76fb19739e.jpg,0,1.0
Films_Coated_Surface/L3_96bb3f550339447939cd7f7689991f40.jpg,Films_Coated_Surface/L3_7df68be04f92451674de1562e12ccfcc.jpg,0,1.0
Films_Coated_Surface/L3_d7296df0da592d5ff174627b4f19b372.jpg,Films_Coated_Surface/L3_17ba4fed584454a61fc732d6ab77cb9b.jpg,0,1.0
MEMS_devices_and_electrodes/L8_9c8842ca3388ab48e9687236384b4f1c.jpg,MEMS_devices_and_electrodes/L8_ca735a7b051d159a5fc4db21ef30b479.jpg,0,1.0
MEMS_devices_and_electrodes/L8_cc20c8af2d67bdc21bebc9c2f2f8e3a9.jpg,MEMS_devices_and_electrodes/L8_9ef80e3c24a0c3bf2d7446f75629bdff.jpg,0,1.0
MEMS_devices_and_electrodes/L8_e0dc4ee118fe6465f27675da1005bb86.jpg,MEMS_devices_and_electrodes/L8_6afa98c8fc8ed20402e9b0353d770545.jpg,0,1.0
MEMS_devices_and_electrodes/L8_0859de80c3b7cafe19b172e3e41c58c5.jpg,MEMS_devices_and_electrodes/L8_798488799036efc59d0a76c93d262b19.jpg,0,1.0
MEMS_devices_and_electrodes/L8_096841768a6096c509246ee813b1d5f5.jpg,MEMS_devices_and_electrodes/L8_55d583c63cbd2ddc9ed5842c35c771e4.jpg,0,1.0
MEMS_devices_and_electrodes/L8_a647c7a72ee43b73f0782ff6377e8957.jpg,MEMS_devices_and_electrodes/L8_6562840b4e40bcd434a2db13e12dd7b9.jpg,0,1.0
MEMS_devices_and_electrodes/L8_9e69ca94319df20c2a7b754289c0082d.jpg,MEMS_devices_and_electrodes/L8_45f31c2dd52e357d56888d5b56b97109.jpg,0,1.0
MEMS_devices_and_electrodes/L8_9e69ca94319df20c2a7b754289c0082d.jpg,MEMS_devices_and_electrodes/L8_a5ea4d8010a7343ff8c7621f9747cbf6.jpg,0,1.0
MEMS_devices_and_electrodes/L8_edc510ba4011eba29ddc28119c901661.jpg,MEMS_devices_and_electrodes/L8_9c049e1970b97221b46315a9e4e5d534.jpg,0,1.0
MEMS_devices_and_electrodes/L8_ce6877684ecae2a78699f5238179d394.jpg,MEMS_devices_and_electrodes/L8_6264293595381889f11c4a267a810de8.jpg,0,1.0
MEMS_devices_and_electrodes/L8_f1f4befb54e0a74e5cdb2f647f9a7115.jpg,MEMS_devices_and_electrodes/L8_fb3dd9cd873db5119469c7004564521a.jpg,0,1.0
MEMS_devices_and_electrodes/L8_dd9b227aaac5fc7a367491f8149ef9b6.jpg,MEMS_devices_and_electrodes/L8_bb3c0899f6224c0e2bb96da9dd8d4f00.jpg,0,1.0
MEMS_devices_and_electrodes/L8_45f31c2dd52e357d56888d5b56b97109.jpg,MEMS_devices_and_electrodes/L8_a5ea4d8010a7343ff8c7621f9747cbf6.jpg,0,1.0
MEMS_devices_and_electrodes/L8_dd6a7bc1cea3d061de33c29ee6fbe995.jpg,MEMS_devices_and_electrodes/L8_9b257116724eac994f836087392e959f.jpg,0,1.0
MEMS_devices_and_electrodes/L8_1f07647b24f3d4b27cdad2a580b6a0f1.jpg,MEMS_devices_and_electrodes/L8_a6cbb693562873062dca76451d7e137d.jpg,0,1.0
Nanowires/L6_105a3ef8efced8a95bbf996ea3c24fda.jpg,Nanowires/L6_26ae367542e4684dbb8ef93d7cbd1c31.jpg,0,1.0
Nanowires/L6_6556bb8f093de2bb22d3514d2bf14881.jpg,Nanowires/L6_ec33751a8a1d8bb320fac7c67a957620.jpg,0,1.0
Nanowires/L6_c8e1eec7109e8e0682c28b2d455e0862.jpg,Nanowires/L6_526b773759ffd0fdf94478b60d62c14f.jpg,0,1.0
Nanowires/L6_0474a3b5dc9f505d5ff5ea459c3924d6.jpg,Nanowires/L6_ffe5beaedcc7b29503185448418d1aa2.jpg,0,1.0
Nanowires/L6_765ad30aff7e181c55638ad1b0e576c5.jpg,Nanowires/L6_299579bae29c49b9ce81d83c827f2fd1.jpg,0,1.0
Nanowires/L6_9167846f5a65a8d247204f6f3a8f334b.jpg,Nanowires/L6_a50b27d89713a2afb4d03d16e9f704e4.jpg,0,1.0
Nanowires/L6_ddcd6f1691fdc5dcd31570c2b713764d.jpg,Nanowires/L6_c0b6c977f038c1c94bcab48594e44bdb.jpg,0,1.0
Nanowires/L6_6b7375b0eb458989e1ce19e7ba6aa9b1.jpg,Nanowires/L6_49d5c6247f0c815056165603c1a2cb44.jpg,0,1.0
Nanowires/L6_a58873e47e434b2c15a44580477b00dc.jpg,Nanowires/L6_d040905b2feb5abd779de3209b39a517.jpg,0,1.0
Nanowires/L6_d77dc08de76a7eb5fdb29b015ffcf235.jpg,Nanowires/L6_36f0db5b11e4b0d6833bbf45a1662162.jpg,0,1.0
Nanowires/L6_f10bfcc3f31abe0c50c40ad0e0a4bffd.jpg,Nanowires/L6_62bf1edb36141f114521ec4bb4175579.jpg,0,1.0
Nanowires/L6_6e047636e7b93b21168062f4226fb96d.jpg,Nanowires/L6_e123690ba637015c5ce993d9277042ee.jpg,0,1.0
Nanowires/L6_ff6634d6fb8a95ab26edda7b6970f1c5.jpg,Nanowires/L6_16b9453719384f0ad0aafc607fbe5cde.jpg,0,1.0
Nanowires/L6_224455903d1dd15057b57da3abe3c41c.jpg,Nanowires/L6_18f19ab8037a3e90dc1c55a03d8aedc4.jpg,0,1.0
Nanowires/L6_397e2d0ca8ba65876e6c980916ab2e97.jpg,Nanowires/L6_80bc290c039719eb35d67801f90a7ed6.jpg,0,1.0
Nanowires/L6_83d3727852028ef990f6d73150c9abf5.jpg,Nanowires/L6_21a860e7f596c9dec733144439a91116.jpg,0,1.0
Nanowires/L6_83d3727852028ef990f6d73150c9abf5.jpg,Nanowires/L6_ffd32c6fb5b3a2d1f7eaac781cf4fb38.jpg,0,1.0
Nanowires/L6_83d3727852028ef990f6d73150c9abf5.jpg,Nanowires/L6_7c9d88b10864cd18ea0ee68680297770.jpg,0,1.0
Nanowires/L6_2e2f10a2358ed5cf2befabcd7065e54a.jpg,Nanowires/L6_5bb24e310c9bdc1696dc45ab9b33ae8b.jpg,0,1.0
Nanowires/L6_d6bb600f067d04373ace08cd6b3116af.jpg,Nanowires/L6_b90761566cff04ec4c1c94de6aa19bee.jpg,0,1.0
Nanowires/L6_5af329713b708794f442c18adcda1665.jpg,Nanowires/L6_bb0d62ced69bf736b51ecc2ce6081d57.jpg,0,1.0
Nanowires/L6_1fa9f3d2585ea99f0f75e8f7ffc6c1ca.jpg,Nanowires/L6_efef78b5a2315415109d2f01e79feb7d.jpg,0,1.0
Nanowires/L6_d4bc24dbffe36454d35fdf889410ce65.jpg,Nanowires/L6_8685a6807608c4f98dd7e202447f01f9.jpg,0,1.0
Nanowires/L6_d4bc24dbffe36454d35fdf889410ce65.jpg,Nanowires/L6_cb4c2c95de2514a92ef3bbfc9df7380f.jpg,0,1.0
Nanowires/L6_d4bc24dbffe36454d35fdf889410ce65.jpg,Nanowires/L6_39d61707224aacb68ce030b346064f6f.jpg,0,1.0
Nanowires/L6_d4bc24dbffe36454d35fdf889410ce65.jpg,Nanowires/L6_6397f22328646fffada6e5c8f59ce00a.jpg,0,1.0
Nanowires/L6_751772305918e09af60d99bd38905dfe.jpg,Nanowires/L6_fb394de1b2884808cc3131a3fa8d5a92.jpg,0,1.0
Nanowires/L6_751772305918e09af60d99bd38905dfe.jpg,Nanowires/L6_8c63a59c23ef39b32b18476a58c72765.jpg,0,1.0
Nanowires/L6_aaa09a0bb114999a03dbbb837379d998.jpg,Nanowires/L6_181baaae6ebf459056a0a17e659bb1b3.jpg,0,1.0
Nanowires/L6_9558a4488241c99bd10b975e2eb5305a.jpg,Nanowires/L6_b56003352cfbbabd2d5b94dea9d4a71a.jpg,0,1.0
Nanowires/L6_7245b47d3119f350ae27c9f4026b8326.jpg,Nanowires/L6_d605bdbbf7a66fa53e57beccc6e98f09.jpg,0,1.0
Nanowires/L6_1ebbe39bc444daf7967cd2557a50dad1.jpg,Nanowires/L6_53766652c98033c07814135500a97c4f.jpg,0,1.0
Nanowires/L6_8b7308dbf10423554227d0a6570ec021.jpg,Nanowires/L6_150c33b337aedc88daf8497495860f05.jpg,0,1.0
Nanowires/L6_fb394de1b2884808cc3131a3fa8d5a92.jpg,Nanowires/L6_8c63a59c23ef39b32b18476a58c72765.jpg,0,1.0
Nanowires/L6_4a7e89b582a565be31d0b4299a53ec94.jpg,Nanowires/L6_784c330c466f3b547b364f914f20124a.jpg,0,1.0
Nanowires/L6_8685a6807608c4f98dd7e202447f01f9.jpg,Nanowires/L6_cb4c2c95de2514a92ef3bbfc9df7380f.jpg,0,1.0
Nanowires/L6_8685a6807608c4f98dd7e202447f01f9.jpg,Nanowires/L6_39d61707224aacb68ce030b346064f6f.jpg,0,1.0
Nanowires/L6_8685a6807608c4f98dd7e202447f01f9.jpg,Nanowires/L6_6397f22328646fffada6e5c8f59ce00a.jpg,0,1.0
Nanowires/L6_97e638028feb8b78ad314e1d0e687fe3.jpg,Nanowires/L6_82849ba2bf04d874fb57554231caec7c.jpg,0,1.0
Nanowires/L6_677468012c17b0ed65aef5d8781b9a8a.jpg,Nanowires/L6_6065ef9266bda5669fa6c293bfcef1f1.jpg,0,1.0
Nanowires/L6_d11e26721a80c31045c21d17be56cc32.jpg,Nanowires/L6_487a104dcb92cc0354d00d34dd0e965b.jpg,0,1.0
Nanowires/L6_f80a01c0ea24af75943968838d0bd7b2.jpg,Nanowires/L6_ac49e29f586399567d0f24feb3377057.jpg,0,1.0
Nanowires/L6_553497efde4a0aec336c86227a3b2720.jpg,Nanowires/L6_20b82b25c4d2d9cee5d2d140ca8b1401.jpg,0,1.0
Nanowires/L6_53df155103238cad83ba9c10c32c061e.jpg,Nanowires/L6_3ce5d6bbb6922e9aabd960737ab686bd.jpg,0,1.0
Nanowires/L6_0080e940be0d07b34429aeeaa0c4682c.jpg,Nanowires/L6_b4bbb9add8d81712ffaf1c09dea5df45.jpg,0,1.0
Nanowires/L6_18ed8f64710f50de97fbb4dfd079642c.jpg,Nanowires/L6_18fb6b228ae49cf2db48697467b174d4.jpg,0,1.0
Nanowires/L6_18ed8f64710f50de97fbb4dfd079642c.jpg,Nanowires/L6_f0480c2506669573c82123d2eaef6fe4.jpg,0,1.0
Nanowires/L6_18ed8f64710f50de97fbb4dfd079642c.jpg,Nanowires/L6_40962afb9533e25973dbe22354e08c17.jpg,0,1.0
Nanowires/L6_18ed8f64710f50de97fbb4dfd079642c.jpg,Nanowires/L6_d8c585ec4fb4b5b9e0d88c623376c8c2.jpg,0,1.0
Nanowires/L6_18ed8f64710f50de97fbb4dfd079642c.jpg,Nanowires/L6_bd8c4682959e5295f0d6fe8daaab64f3.jpg,0,1.0
Nanowires/L6_18ed8f64710f50de97fbb4dfd079642c.jpg,Nanowires/L6_a75920e692a53ce37ca7e670d2a54c5d.jpg,0,1.0
Nanowires/L6_18ed8f64710f50de97fbb4dfd079642c.jpg,Nanowires/L6_800cfb36e2fe655284e568bc53abd7d9.jpg,0,1.0
Nanowires/L6_e5b99736777e4700626b147ac9042204.jpg,Nanowires/L6_aa130f781c231db735978ef027f404f6.jpg,0,1.0
Nanowires/L6_3c6edfbcd603068f13240d6856633ee3.jpg,Nanowires/L6_9f1787650b32d1d72db910daf1e9f69a.jpg,0,1.0
Nanowires/L6_b4b73f3bee8f037f21abf7a7253d3147.jpg,Nanowires/L6_5e6129787dca0868c191f66a9a503073.jpg,0,1.0
Nanowires/L6_18fb6b228ae49cf2db48697467b174d4.jpg,Nanowires/L6_f0480c2506669573c82123d2eaef6fe4.jpg,0,1.0
Nanowires/L6_18fb6b228ae49cf2db48697467b174d4.jpg,Nanowires/L6_40962afb9533e25973dbe22354e08c17.jpg,0,1.0
Nanowires/L6_18fb6b228ae49cf2db48697467b174d4.jpg,Nanowires/L6_d8c585ec4fb4b5b9e0d88c623376c8c2.jpg,0,1.0
Nanowires/L6_18fb6b228ae49cf2db48697467b174d4.jpg,Nanowires/L6_bd8c4682959e5295f0d6fe8daaab64f3.jpg,0,1.0
Nanowires/L6_18fb6b228ae49cf2db48697467b174d4.jpg,Nanowires/L6_a75920e692a53ce37ca7e670d2a54c5d.jpg,0,1.0
Nanowires/L6_18fb6b228ae49cf2db48697467b174d4.jpg,Nanowires/L6_800cfb36e2fe655284e568bc53abd7d9.jpg,0,1.0
Nanowires/L6_2b8fb3a1c99eab99a4b89a179bbdd1e9.jpg,Nanowires/L6_05b91e4e42b30ce2c316510a0e110410.jpg,0,1.0
Nanowires/L6_f0480c2506669573c82123d2eaef6fe4.jpg,Nanowires/L6_40962afb9533e25973dbe22354e08c17.jpg,0,1.0
Nanowires/L6_f0480c2506669573c82123d2eaef6fe4.jpg,Nanowires/L6_d8c585ec4fb4b5b9e0d88c623376c8c2.jpg,0,1.0
Nanowires/L6_f0480c2506669573c82123d2eaef6fe4.jpg,Nanowires/L6_bd8c4682959e5295f0d6fe8daaab64f3.jpg,0,1.0
Nanowires/L6_f0480c2506669573c82123d2eaef6fe4.jpg,Nanowires/L6_a75920e692a53ce37ca7e670d2a54c5d.jpg,0,1.0
Nanowires/L6_f0480c2506669573c82123d2eaef6fe4.jpg,Nanowires/L6_800cfb36e2fe655284e568bc53abd7d9.jpg,0,1.0
Nanowires/L6_f25d2ee2d2753c1e4f17e343f9e16562.jpg,Nanowires/L6_e7d8e8c7b59595f01e9bb8a4f38007de.jpg,0,1.0
Nanowires/L6_7000a54492106c07f005cccf5354d312.jpg,Nanowires/L6_775f28f1092e01567fe514b77fd4112c.jpg,0,1.0
Nanowires/L6_8bd143e123762050f7df39364e361e03.jpg,Nanowires/L6_a167ba76d70b0c3bf7996d1fc96c9339.jpg,0,1.0
Nanowires/L6_4450de9034cbd2f2697110f70105cbea.jpg,Nanowires/L6_48d519e4948cd3134ea5fcaed55eb2b0.jpg,0,1.0
Nanowires/L6_412c2dcac4c36905578ce8c0a71c06fb.jpg,Nanowires/L6_4aa4e54e59721b68f3a9df92b1188151.jpg,0,1.0
Nanowires/L6_40962afb9533e25973dbe22354e08c17.jpg,Nanowires/L6_d8c585ec4fb4b5b9e0d88c623376c8c2.jpg,0,1.0
Nanowires/L6_40962afb9533e25973dbe22354e08c17.jpg,Nanowires/L6_bd8c4682959e5295f0d6fe8daaab64f3.jpg,0,1.0
Nanowires/L6_40962afb9533e25973dbe22354e08c17.jpg,Nanowires/L6_a75920e692a53ce37ca7e670d2a54c5d.jpg,0,1.0
Nanowires/L6_40962afb9533e25973dbe22354e08c17.jpg,Nanowires/L6_800cfb36e2fe655284e568bc53abd7d9.jpg,0,1.0
Nanowires/L6_aab0a1a021302d6a2a2d6faa64f5816a.jpg,Nanowires/L6_1f2cd4f2cf32b163b874e8f419662c77.jpg,0,1.0
Nanowires/L6_6a9cdadf3df0393cb79677d947bf9266.jpg,Nanowires/L6_160640ce7e5844cf9666429de5153781.jpg,0,1.0
Nanowires/L6_85956f093327805e79ce131af62d5db9.jpg,Nanowires/L6_7535b3504d8d307d0845178b7e5e7fc6.jpg,0,1.0
Nanowires/L6_d8c585ec4fb4b5b9e0d88c623376c8c2.jpg,Nanowires/L6_bd8c4682959e5295f0d6fe8daaab64f3.jpg,0,1.0
Nanowires/L6_d8c585ec4fb4b5b9e0d88c623376c8c2.jpg,Nanowires/L6_a75920e692a53ce37ca7e670d2a54c5d.jpg,0,1.0
Nanowires/L6_d8c585ec4fb4b5b9e0d88c623376c8c2.jpg,Nanowires/L6_800cfb36e2fe655284e568bc53abd7d9.jpg,0,1.0
Nanowires/L6_742a26258b16272e7a26c55647494542.jpg,Nanowires/L6_8b092637b2a57658300f386361f88d4a.jpg,0,1.0
Nanowires/L6_cb4c2c95de2514a92ef3bbfc9df7380f.jpg,Nanowires/L6_39d61707224aacb68ce030b346064f6f.jpg,0,1.0
Nanowires/L6_cb4c2c95de2514a92ef3bbfc9df7380f.jpg,Nanowires/L6_6397f22328646fffada6e5c8f59ce00a.jpg,0,1.0
Nanowires/L6_d98c18b48fd8072cd93fc1238d1fe00b.jpg,Nanowires/L6_c8b044e4de6615c8051eb0d66eb99920.jpg,0,1.0
Nanowires/L6_634695392e8047fba715e16c5a1fa3c1.jpg,Nanowires/L6_943ce081eb0f2897a89d9439f83c6f4d.jpg,0,1.0
Nanowires/L6_39d61707224aacb68ce030b346064f6f.jpg,Nanowires/L6_6397f22328646fffada6e5c8f59ce00a.jpg,0,1.0
Nanowires/L6_4ff6ac77b6f342d6d4ca85a1ff9e0171.jpg,Nanowires/L6_98f1e26e8e51d72e9c40f4479af5cabb.jpg,0,1.0
Nanowires/L6_e63479501484bcf5954108dbac395449.jpg,Nanowires/L6_3bfd621dfb341a6168029354850fc936.jpg,0,1.0
Nanowires/L6_21a860e7f596c9dec733144439a91116.jpg,Nanowires/L6_ffd32c6fb5b3a2d1f7eaac781cf4fb38.jpg,0,1.0
Nanowires/L6_21a860e7f596c9dec733144439a91116.jpg,Nanowires/L6_7c9d88b10864cd18ea0ee68680297770.jpg,0,1.0
Nanowires/L6_ffd32c6fb5b3a2d1f7eaac781cf4fb38.jpg,Nanowires/L6_7c9d88b10864cd18ea0ee68680297770.jpg,0,1.0
Nanowires/L6_f47bc0dfb2e6488508b925c276b5c97b.jpg,Nanowires/L6_489eec037830e367f5ccc1de72f4d5d1.jpg,0,1.0
Nanowires/L6_551cff26b4ae381e7ff9c336f674a031.jpg,Nanowires/L6_c610074d406298f7e97beff4bd903e13.jpg,0,1.0
Nanowires/L6_c7afeb7e46967cfe8a5655ae967d37d3.jpg,Nanowires/L6_f915d03722ad724f5d0bacd7e7bc31fe.jpg,0,1.0
Nanowires/L6_1015a96b8a63c1abd36ce845bde36865.jpg,Nanowires/L6_e6cef1dbe55b367753af381525b18fa4.jpg,0,1.0
Nanowires/L6_dc0ade2e979d3c232658019726f21551.jpg,Nanowires/L6_a46c7c7f7ed43fef0c9c23fd7e6a3ba9.jpg,0,1.0
Nanowires/L6_edd78e3e7191b8e4551e483c6faaaaf0.jpg,Nanowires/L6_0378305615713630dd8e4f3f55d80485.jpg,0,1.0
Nanowires/L6_11a1d71f4bc6cdd957fc13f5bfc32f0d.jpg,Nanowires/L6_5b411c224f0c6475bf4041193e96a482.jpg,0,1.0
Nanowires/L6_7e3a65ca6145576805808520f0e62334.jpg,Nanowires/L6_fa7a59df438ddd3a47124b94123a5d24.jpg,0,1.0
Nanowires/L6_f1d99c4f4964d4686d02ba66d0c8a1be.jpg,Nanowires/L6_c84058f32237a983275db3530a4e4c0e.jpg,0,1.0
Nanowires/L6_f6b3e43288bd139d5149c8f6a2919f0a.jpg,Nanowires/L6_4d97456a098e0e31df9fd755c53c5fe2.jpg,0,1.0
Nanowires/L6_260579ef9a4ecf6ad60f1803e1364781.jpg,Nanowires/L6_e744918b14b079d0095df6c0a788e83b.jpg,0,1.0
Nanowires/L6_bd8c4682959e5295f0d6fe8daaab64f3.jpg,Nanowires/L6_a75920e692a53ce37ca7e670d2a54c5d.jpg,0,1.0
Nanowires/L6_bd8c4682959e5295f0d6fe8daaab64f3.jpg,Nanowires/L6_800cfb36e2fe655284e568bc53abd7d9.jpg,0,1.0
Nanowires/L6_541afda2bdafcbbbb72f6cfe458fceed.jpg,Nanowires/L6_ff1e76867f7dccfd1f8243cb3d7b73a9.jpg,0,1.0
Nanowires/L6_7342b80e59c5ce051e515f79520b78d6.jpg,Nanowires/L6_85868ccdf96fb07c3b4b8b6cef581767.jpg,0,1.0
Nanowires/L6_5f786686c01b35f7d9b6f5dea1357fcf.jpg,Nanowires/L6_5d415e0a825cbddfadf377b5e25a4f1a.jpg,0,1.0
Nanowires/L6_090ef76958abb72f891581434577af56.jpg,Nanowires/L6_5696ec6c6a217940e38a5fdb482b1b6d.jpg,0,1.0
Nanowires/L6_a75920e692a53ce37ca7e670d2a54c5d.jpg,Nanowires/L6_800cfb36e2fe655284e568bc53abd7d9.jpg,0,1.0
Particles/L2_df7bbd24fabd1eeba26c6bb2561911ae.jpg,Particles/L2_330eb2c2ef9813163bfd7e9baf069f0c.jpg,0,1.0
Particles/L2_5c92999613b0fb2f86b93c09ea317d1a.jpg,Particles/L2_2604fe15d9ac5ba69c67b6336f984814.jpg,0,1.0
Particles/L2_f854d7d34ff3345e5b0e7d2ce76917ab.jpg,Particles/L2_f953e3ae25706e2136c928d3c02f7a0a.jpg,0,1.0
Particles/L2_0622b9493eac49c821e378594550becf.jpg,Particles/L2_333d93210e6eaec704d16b272edac6cf.jpg,0,1.0
Particles/L2_2d2da3dd63828edc867b6310257e3612.jpg,Particles/L2_fe7cec4b04c20a52e07c48b89be5a1de.jpg,0,1.0
Particles/L2_665d4cbd157502a97c1e99c0dd2c6414.jpg,Particles/L2_293b5ecf718afd0de1dbd681b86a6f36.jpg,0,1.0
Particles/L2_63a7aef33900bb0dc317d850ad801e8b.jpg,Particles/L2_5902515b5ca8abadbf506125baf4e5eb.jpg,0,1.0
Particles/L2_7a224c0dd608ad0a32f8f419cf72c542.jpg,Particles/L2_9b5feee60e4ef3eb6e4627fc1e2d5d31.jpg,0,1.0
Particles/L2_1f028343465937eca467247b90501fb5.jpg,Particles/L2_2a98a32aa5154ee6933de3e3749d727f.jpg,0,1.0
Particles/L2_6b3d5fb6a886bd14e45b35a2c425c2d6.jpg,Particles/L2_a7481f4c165b12dbf0b3b79bc446a713.jpg,0,1.0
Particles/L2_f9488173d8dd5539a0c4a8c3e76a242d.jpg,Particles/L2_5a83062897b1243b046783927301f3b8.jpg,0,1.0
Particles/L2_9fa71821003bd66cf484f58e189e25d1.jpg,Particles/L2_3806c78842f46f1b02bd4835f82007e2.jpg,0,1.0
Particles/L2_c2e04d095ed6905abc5d5ebd4e6a4918.jpg,Particles/L2_eeaa93b8a90af64926ad350ca68810ce.jpg,0,1.0
Particles/L2_605207f047b503c8939b39f54e2b8aac.jpg,Particles/L2_c439b2f94d965ef5ba538d509791202e.jpg,0,1.0
Particles/L2_d198105e51e2b17de54ae91ed1b7fe23.jpg,Particles/L2_7499db308804d3a06d2ef27ab2137240.jpg,0,1.0
Particles/L2_b9a3a4194f3d7e7ba2f53a395e5b365f.jpg,Particles/L2_fa3df2452024d1a0bb6930ce57e5d354.jpg,0,1.0
Particles/L2_bc4022bfec86e8949e4daf8b86fdd40f.jpg,Particles/L2_4a5f852675361519c2c795eb0195ea92.jpg,0,1.0
Particles/L2_4e0e1fe185811c3add79faa5c4d1bc06.jpg,Particles/L2_78715ee594bb4208ec3ddad8f8548bf8.jpg,0,1.0
Particles/L2_6d69dac9b80e7252438a2b90fabac644.jpg,Particles/L2_a4cda1bd58151afcad2017121af97cf6.jpg,0,1.0
Particles/L2_04a8479aa2fb0c0471d9f34a63db30ee.jpg,Particles/L2_10b8902a032ef0f174527c4eb4c9eed8.jpg,0,1.0
Particles/L2_8992bbef19fe924b48412cde0b7db3c4.jpg,Particles/L2_a5ab48eb6660c5d0d9f96c4170f462ad.jpg,0,1.0
Particles/L2_0c2ca7febe20175a49f5716c76e6a7c5.jpg,Particles/L2_04b85924c90bcf773aa832b2cb902dc8.jpg,0,1.0
Particles/L2_c6a35e17e2a1fe594fa26a995b90350b.jpg,Particles/L2_cf31a08c7a2e3b7a7c14cfd8150de2cf.jpg,0,1.0
Particles/L2_ac256e1c55134d2514667cd51bfc263c.jpg,Particles/L2_66349d6a9b933afaa9c3f496b570f574.jpg,0,1.0
Particles/L2_951cee914479d2aedd084836c08a4374.jpg,Particles/L2_4ff8075595c3e5651af279eb59fa4a17.jpg,0,1.0
Particles/L2_1444d4cf8e58c6059b54734759d48f7f.jpg,Particles/L2_ea36017d596bf1235ae5ce1d87aa81b7.jpg,0,1.0
Particles/L2_4be18f6980193546088feb24d22f6c24.jpg,Particles/L2_ce8ac01b771777e48b19de2e6777f458.jpg,0,1.0
Particles/L2_e790bc4e4cd05f049d2dd788e5037802.jpg,Particles/L2_51d83ba4eb1284cc59c54d856613d783.jpg,0,1.0
Particles/L2_2a23230a60cc41fa975c47d168860b90.jpg,Particles/L2_beb0dfab8d4a8184d3e6c2394cd77af2.jpg,0,1.0
Particles/L2_f45d4c04214d22d47848247d4dd631dd.jpg,Particles/L2_a948a582efad7f675d0b53bc9426be33.jpg,0,1.0
Particles/L2_873e0ca9734387d0c676e364b166f815.jpg,Particles/L2_acff79ee60f27ccf2a36eba0c9059579.jpg,0,1.0
Particles/L2_c445ad9c625f6b15cd7e09eb979bd73e.jpg,Particles/L2_689b31de17ddfab3e0ddb0dca4b9ada9.jpg,0,1.0
Particles/L2_989e54bafe3707276fc532ca1965a6ae.jpg,Particles/L2_6f20e38b7cb70a1a6b5114c8d57eae21.jpg,0,1.0
Particles/L2_2fdc12366125d8d0a9b74f689ee6ac85.jpg,Particles/L2_93f4e2ebd474b39ae5fbee5ca7c90874.jpg,0,1.0
Particles/L2_b38e3c0291f76cc65a2aec24cc53aabf.jpg,Particles/L2_29e1a7ad610ccd0c17ee61e045ea93da.jpg,0,1.0
Particles/L2_d70360c1831b6660408757f8c650b7a9.jpg,Particles/L2_eaea0c9fa5ad8e67aac5cccfcf05cc38.jpg,0,1.0
Particles/L2_73f75fe52016dd5a4f0cf9b5533f6c39.jpg,Particles/L2_00910967fa9c2b1e2a1fe4f1311f1f80.jpg,0,1.0
Particles/L2_7c355e583dc57fc964a4a4675b578afd.jpg,Particles/L2_4322572eb203f6f7746e6cdd90e832dc.jpg,0,1.0
Particles/L2_481f29e851c2b66e558bebe357119412.jpg,Particles/L2_1e2a0133b765f004cb9af2e0733d7e90.jpg,0,1.0
Particles/L2_7f3e0a8c4ba97b5f2fe5ee98241d1294.jpg,Particles/L2_4ad70aa0aabeff52e185a8ed2a0305cd.jpg,0,1.0
Particles/L2_122764eac10e4e25a65753491f154070.jpg,Particles/L2_ced3bf5701b34f50216dd88016f34ebf.jpg,0,1.0
Particles/L2_543d3b09f08541a6b3844beb12240a30.jpg,Particles/L2_e054297593f46f491789fb31edd842d8.jpg,0,1.0
Particles/L2_1c1ce34e0d605c8ab6b9e7bd40d8d0bd.jpg,Particles/L2_c7f0ce9b7f14faba3b0fa5cdc6729dd4.jpg,0,1.0
Particles/L2_9dece7652c4fa4245dbf6eee66451942.jpg,Particles/L2_4b9840f63f7694694c55177d6a25d376.jpg,0,1.0
Particles/L2_cddc189971fc3a41984275cda3b77be1.jpg,Particles/L2_8a86732b3b357a8ac9bdd49999e4104b.jpg,0,1.0
Particles/L2_cddc189971fc3a41984275cda3b77be1.jpg,Particles/L2_ca2b794bb10a67126f3cbb15e6fb77db.jpg,0,1.0
Particles/L2_4b9c2f5899d39aa111a15daa7ceddefa.jpg,Particles/L2_5126f8e0ceca1b0a899b01f2e7f11ff8.jpg,0,1.0
Particles/L2_a6f9fa0d91226f4c6f6917010c01f283.jpg,Particles/L2_d6ef6d867712c94b66677f1ec0ca57e1.jpg,0,1.0
Particles/L2_86a2a42315414209472765ccb8c57a8b.jpg,Particles/L2_75316e91d0d2ad130b72e6658bf7a1ba.jpg,0,1.0
Particles/L2_98c9adb257856fd339b2804547fa5070.jpg,Particles/L2_424fd34048340da4d752a1fd18b7211b.jpg,0,1.0
Particles/L2_2e47920ec03ae3221db23f1b82fa4b12.jpg,Particles/L2_af534494f3f48f9a29269ef69f256104.jpg,0,1.0
Particles/L2_3683e205a51940d47e26301c6ada70b8.jpg,Particles/L2_58c98998218d781e860338274e5adb22.jpg,0,1.0
Particles/L2_2bcf03df1f7865f83bae8703cb76d8d7.jpg,Particles/L2_56f825cc56478ed75831c813cbe3b194.jpg,0,1.0
Particles/L2_8f3f78b51527a0a2974729dc7e382375.jpg,Particles/L2_aca22889b51eddd29cef3ddc3ac8fde0.jpg,0,1.0
Particles/L2_ff1e10ba01ea6af286b17e6ae96d263f.jpg,Particles/L2_6709e0dfdf1bf5f89ff86ddc8386820a.jpg,0,1.0
Particles/L2_b0ef42dfcb3c9ea326c95954863a879a.jpg,Particles/L2_c78f5d9496832923aeadfac6903bb5c0.jpg,0,1.0
Particles/L2_7821210ad33f4fa31f2a9bfd4d313526.jpg,Particles/L2_1b0c70353bb9114dd420b7b2774c81f2.jpg,0,1.0
Particles/L2_36ebde0bc6be36a5f3770385ab40f3ad.jpg,Particles/L2_807c2acb2cac5e4294f99803119d8a19.jpg,0,1.0
Particles/L2_c925a0f25d4e3e51b4d22cd38b384413.jpg,Particles/L2_1af5752fd451d9ee9068d230f0f20bbf.jpg,0,1.0
Particles/L2_6ebe8ce2e3b798716dcfcd1f4aa1380c.jpg,Particles/L2_32d7b650cb4109d98cd245ba1d9f5185.jpg,0,1.0
Particles/L2_7c7ee299cd18a125b85cfcded7e9f83f.jpg,Particles/L2_0ef63a1b11a6c7c6f1aa21215abf7d5d.jpg,0,1.0
Particles/L2_fffaba97cfc5ef3da6b53767fc70e634.jpg,Particles/L2_15997de71cf4ec4431ef3a4d58f865d6.jpg,0,1.0
Particles/L2_3e75031879372a4fe35cacf7aa2a3d96.jpg,Particles/L2_5ac6bc2c8e9ed26e5a7666c9a5d4eca8.jpg,0,1.0
Particles/L2_8a86732b3b357a8ac9bdd49999e4104b.jpg,Particles/L2_ca2b794bb10a67126f3cbb15e6fb77db.jpg,0,1.0
Particles/L2_b7a86254c5123defe7082a2d97820ce7.jpg,Particles/L2_5612387faf0ed22506e6ec818ef4e87b.jpg,0,1.0
Particles/L2_ba129151c906cd8438bcdfdf42f864fe.jpg,Particles/L2_ca4c926efd309744e3c61996cf1d5046.jpg,0,1.0
Particles/L2_38f8cec17e0b1f6ece93f97ff44fa727.jpg,Particles/L2_8e791eacb2788bdfc1408fb6caf7a57a.jpg,0,1.0
Particles/L2_cf4dbecc52bf604b526e3ff0a9f09e42.jpg,Particles/L2_b34e9def5511c3f1d33845094e2bb221.jpg,0,1.0
Particles/L2_fa1bfd76134d352876aade778596207d.jpg,Particles/L2_f7e3be12df8941e2a600b78e41e5c826.jpg,0,1.0
Particles/L2_f56e73bd1e5b3f1faf9b1d94c7c3f15a.jpg,Particles/L2_cfbf1b19eecda7696d880af82873a5da.jpg,0,1.0
Particles/L2_98ea5b6c2dd9d21b43dbd8ee287e5b28.jpg,Particles/L2_499e65bbf5b380072a4dd380feab1c08.jpg,0,1.0
Particles/L2_9e92c002cea7f5212963c104e93ac9de.jpg,Particles/L2_350cf2b4405157a4bccb6970fa55522e.jpg,0,1.0
Particles/L2_bda6e4e713725a317e07a8700f3fc29d.jpg,Particles/L2_3ba6aeeeb13566215296b9809bd8421d.jpg,0,1.0
Particles/L2_093ffb838ec95b70a4d978ebab9b7114.jpg,Particles/L2_718088696407e5cad8f4ee1495b4d7e5.jpg,0,1.0
Particles/L2_093ffb838ec95b70a4d978ebab9b7114.jpg,Particles/L2_4e709d559782d188baf90a6de3e3f2ff.jpg,0,1.0
Particles/L2_5d30f9030eb7d78b70e6278c92895f1b.jpg,Particles/L2_c9c895b5488ee0754590b645c5272938.jpg,0,1.0
Particles/L2_4bd293cc5a0f71b34ed6140a3b631ddd.jpg,Particles/L2_f126ba447eabe33ed48b2346167a601d.jpg,0,1.0
Particles/L2_5b85d62b92445ee40265065f1408f36f.jpg,Particles/L2_5390fbe7b3531dcff2e10647a889fc8f.jpg,0,1.0
Particles/L2_cee7f81c3dfa2486d21f2fc783b3c80e.jpg,Particles/L2_5b0070e6c7338d67c9f5cf4dff7524d3.jpg,0,1.0
Particles/L2_9517f66f19b12d5fc47f158cb4bba46f.jpg,Particles/L2_86d0b741cae5e63e91e80b7488bd9619.jpg,0,1.0
Particles/L2_718088696407e5cad8f4ee1495b4d7e5.jpg,Particles/L2_4e709d559782d188baf90a6de3e3f2ff.jpg,0,1.0
Particles/L2_6681c7b9962c665789c52f10206fddef.jpg,Particles/L2_444722259d9fff3b9a194eeda85a4e02.jpg,0,1.0
Particles/L2_d36f7ccf215ddf5dff48699356b390ff.jpg,Particles/L2_aa184362786030bf017c2c048654e12f.jpg,0,1.0
Particles/L2_6ce1e22f71a92a4d4c73c43b0825bc65.jpg,Particles/L2_ceba9c4fa6f5f15d3b6796bd2117410c.jpg,0,1.0
Particles/L2_22e7849fb167dd372511098e02e68b47.jpg,Particles/L2_67d259053fbb14baebac1ffe973e5afa.jpg,0,1.0
Particles/L2_0176ff84f7b9dcb742d0215db9c3c5bd.jpg,Particles/L2_738fc301cc7eadc41230a43ac79379de.jpg,0,1.0
Particles/L2_cfa30282b03512a5cb07eac1b4d00568.jpg,Particles/L2_5995d5cfc695d8dc6dad91db7d272d00.jpg,0,1.0
Particles/L2_fc98464b15be27fbd6595b3990400b5c.jpg,Particles/L2_a3af0acac3abf27aacd3faab04a44547.jpg,0,1.0
Particles/L2_3724cdb43fb09cd695f56d9effe9e3e3.jpg,Particles/L2_614b1ea54c7bb765c6be8f704fe9a6bb.jpg,0,1.0
Particles/L2_757306551e7427fc67ea862c1eeff583.jpg,Particles/L2_4fa27183bd6e51606cb64eea8ee02a07.jpg,0,1.0
Particles/L2_b4bb8e7aa66938943ec222dcd8ad43ec.jpg,Particles/L2_f18d5056ddf76169c80786b31ca46908.jpg,0,1.0
Particles/L2_a4912b9da8b55c522ad000f52f9cfa67.jpg,Particles/L2_fcc92d09aab9c46afc410b0ee74db0e4.jpg,0,1.0
Particles/L2_c714a6a7b09a8b9d362248d43ad0ea08.jpg,Particles/L2_152b41cd0248b1160fa5199d7892f31c.jpg,0,1.0
Patterned_surface/L1_33c87c149378dbb515d08c09202e8896.jpg,Patterned_surface/L1_6c50992988508e7a6c178b703e26c7ba.jpg,0,1.0
Patterned_surface/L1_a88733294837c6f4d5616fc2024d0ede.jpg,Patterned_surface/L1_ea20917a2c7974b2c3c58606d4c7f81e.jpg,0,1.0
Patterned_surface/L1_4e3dfe05e4efcf6a152dde2a6acf2d00.jpg,Patterned_surface/L1_e380d63bce820f0e4c10fabcca5bffd0.jpg,0,1.0
Patterned_surface/L1_b1693854819e9864ba79273d40cc9d97.jpg,Patterned_surface/L1_7422f05133e60f851db5b2ac6b9e47af.jpg,0,1.0
Patterned_surface/L1_b0de5a3dbdc4d8e550e162c51419b175.jpg,Patterned_surface/L1_e4c88de86f060735a10424ce1f063ab2.jpg,0,1.0
Patterned_surface/L1_8bdfc504f697faa13b9f3471ce64b946.jpg,Patterned_surface/L1_4726bb23a09e1a7a3d513894313db717.jpg,0,1.0
Patterned_surface/L1_38e1c19685e776f7e71659203e4aad24.jpg,Patterned_surface/L1_bf73c5195c11c4962a22f70e42da2888.jpg,0,1.0
Patterned_surface/L1_dbf1de9544a42be3fb8bf41bbd2e71a3.jpg,Patterned_surface/L1_9f363aa05b2080858f4beb891b297131.jpg,0,1.0
Patterned_surface/L1_32cb9f1113b044aea329b97a731d4d2f.jpg,Patterned_surface/L1_d567cadb14321ab0555e0342a3d58cb0.jpg,0,1.0
Patterned_surface/L1_92b84793ac7deaadaf4ff05adad97ead.jpg,Patterned_surface/L1_cfd5dffd01df26cb74461eec788f6849.jpg,0,1.0
Patterned_surface/L1_a36bf458ecd6ccbfef95d6266f6d6453.jpg,Patterned_surface/L1_43f3b5f183a8fbeae784915dfdf826a6.jpg,0,1.0
Patterned_surface/L1_6e6ab33f6a0eb9fdfd9430f3caca1fbf.jpg,Patterned_surface/L1_4ffa620ffb7729c9d38eaac969173ecc.jpg,0,1.0
Patterned_surface/L1_ce10c1c26c0a30cd5459b813c2f12cc0.jpg,Patterned_surface/L1_34cc067fd581a2a221b4be291f7b2b56.jpg,0,1.0
Patterned_surface/L1_ad09ca78b99ec57a03d6b19e9acc129f.jpg,Patterned_surface/L1_5d6186dd42a8211de9f42698a9bf5977.jpg,0,1.0
Patterned_surface/L1_dcecac93692ac691bef9bfecdb1062c6.jpg,Patterned_surface/L1_02ef9bf388b14a6d6dd7d7d89b321cf4.jpg,0,1.0
Patterned_surface/L1_c2186a1274459cc20cf335fb33fd9dff.jpg,Patterned_surface/L1_fffc496f0891f0526c3a400689689a7c.jpg,0,1.0
Patterned_surface/L1_aab26bcc43aed1efe99ca51f76d681d1.jpg,Patterned_surface/L1_a6b7170d3b7573c4f1a03affb5f801e3.jpg,0,1.0
Patterned_surface/L1_e3319d28f1bf418d527526e27ae08696.jpg,Patterned_surface/L1_78bff7808cd6a791374a0faae10ac2ba.jpg,0,1.0
Patterned_surface/L1_9e328719be51113ebe7848c501ca3705.jpg,Patterned_surface/L1_4eb510440c10e3b976d361157d3acce6.jpg,0,1.0
Patterned_surface/L1_5aa759377d6154575bc92295438d0348.jpg,Patterned_surface/L1_3e322e1433db34eeee062e087ce73b9b.jpg,0,1.0
Patterned_surface/L1_0a64a6ed6d02aa486b520e3924a4b0ce.jpg,Patterned_surface/L1_13dd42bb4e0373603035a79f8352ce96.jpg,0,1.0
Patterned_surface/L1_b162b3882cf015abd961e6a97efbd4de.jpg,Patterned_surface/L1_c731e3942f858c428f1ad9c68411330b.jpg,0,1.0
Patterned_surface/L1_e8e804fa36d70469d83744685a1db2d2.jpg,Patterned_surface/L1_960de43c5992351a0ae6490a0f56dbdc.jpg,0,1.0
Patterned_surface/L1_6fee908a50ee90578598f6bbb3d0149e.jpg,Patterned_surface/L1_bb821d551fec40047ed7448cc77adea7.jpg,0,1.0
Patterned_surface/L1_54a3ba6cfa5db0b99d3bbc9445e8817d.jpg,Patterned_surface/L1_370c98e49bcfb1b2c4d9636cbca5b5a2.jpg,0,1.0
Patterned_surface/L1_555d179b9adbde5082be818f75fcdb4c.jpg,Patterned_surface/L1_c1ea139ee81e34cc3976b94f05cf6415.jpg,0,1.0
Patterned_surface/L1_ee1dc9c124191a5bd7ffc9c2f3e23551.jpg,Patterned_surface/L1_04886e7eb7999fc10400a8262ceb6b91.jpg,0,1.0
Patterned_surface/L1_839a9a093df589716532951d5dc70886.jpg,Patterned_surface/L1_e22dc4b24ea5e7302a1395e5a5b0a495.jpg,0,1.0
Patterned_surface/L1_d7fbc8bb74261bf88aca4f836d485afe.jpg,Patterned_surface/L1_192b295e0eccb569adfc5f04e51890c3.jpg,0,1.0
Patterned_surface/L1_d791ee9a3344836abc3b9fd766ca7650.jpg,Patterned_surface/L1_9019db3eeca90e5bb56e39906e5a5b53.jpg,0,1.0
Patterned_surface/L1_cd82c5166ca46ce1289b1d95c49b2e79.jpg,Patterned_surface/L1_26deef5c52f0d01b92bdd12a3828e5c6.jpg,0,1.0
Patterned_surface/L1_361a6ef04bdb995e5ce1f7360808ae20.jpg,Patterned_surface/L1_2650a362f5c0fdc2cab451441e9bc6ec.jpg,0,1.0
Patterned_surface/L1_0329792811fbe58612e973cb10751996.jpg,Patterned_surface/L1_0d76814d828e39320843c3e14b5e576a.jpg,0,1.0
Patterned_surface/L1_c8c3b4453eac0a7500ccc429715b8b5d.jpg,Patterned_surface/L1_e26eeb2ad2e01ce65a8092323ec15164.jpg,0,1.0
Patterned_surface/L1_00fc0a86bd4f02995acdd5b3f63401b9.jpg,Patterned_surface/L1_48cfcf54e81db2580717dccaed0f1136.jpg,0,1.0
Patterned_surface/L1_4b9c18addb2d0ae504959c3e452f8269.jpg,Patterned_surface/L1_77dd0d649cc4af424594cee232e9a159.jpg,0,1.0
Patterned_surface/L1_4b9c18addb2d0ae504959c3e452f8269.jpg,Patterned_surface/L1_55561c59309678c7f0b7b56d08f31a71.jpg,0,1.0
Patterned_surface/L1_4b9c18addb2d0ae504959c3e452f8269.jpg,Patterned_surface/L1_0f223850f7b89fbae12abfb004c58846.jpg,0,1.0
Patterned_surface/L1_a097ce09f5b79356ca316fbef553eac9.jpg,Patterned_surface/L1_58990862721836ec9703d0beeb6e4765.jpg,0,1.0
Patterned_surface/L1_d17e59d24f39afd2c5f20c22b79bb8db.jpg,Patterned_surface/L1_c56f64d29a03bb87951562928e0914fe.jpg,0,1.0
Patterned_surface/L1_44a3aeddac769aea7d08187a44f0f46d.jpg,Patterned_surface/L1_15a52e310f1da0e72317a5206c418831.jpg,0,1.0
Patterned_surface/L1_185c9418ea4ef0e96d7dff9a619e05f8.jpg,Patterned_surface/L1_71021a5cea8b57d05ee15b61c95a72c4.jpg,0,1.0
Patterned_surface/L1_179d50f2f0740e19b448b69e5e462d0c.jpg,Patterned_surface/L1_9b3cda05098eb444ee303e7524d42587.jpg,0,1.0
Patterned_surface/L1_618ce70f7e752117529b223587617232.jpg,Patterned_surface/L1_be81dbc22a2220d0543099502f9b858e.jpg,0,1.0
Patterned_surface/L1_1e4772237893fe30ee9110e51a57de6f.jpg,Patterned_surface/L1_b5c4e84537332ea287c249698a5c6b01.jpg,0,1.0
Patterned_surface/L1_c9c754f49269d4ad2c4565d77bf0c93e.jpg,Patterned_surface/L1_15a992606e7fff3bd019678fb4b2f42e.jpg,0,1.0
Patterned_surface/L1_67d71b3b15e222867c08c6cd5824055d.jpg,Patterned_surface/L1_9db06594777e183499f98ff1592bd5ca.jpg,0,1.0
Patterned_surface/L1_67d71b3b15e222867c08c6cd5824055d.jpg,Patterned_surface/L1_3d99962f4b41fe841b0c4d35b2cf8cc8.jpg,0,1.0
Patterned_surface/L1_ae763abf1a4763a27a00a10b63039670.jpg,Patterned_surface/L1_4d74ef685f9985998517df693586a0ae.jpg,0,1.0
Patterned_surface/L1_77dd0d649cc4af424594cee232e9a159.jpg,Patterned_surface/L1_55561c59309678c7f0b7b56d08f31a71.jpg,0,1.0
Patterned_surface/L1_77dd0d649cc4af424594cee232e9a159.jpg,Patterned_surface/L1_0f223850f7b89fbae12abfb004c58846.jpg,0,1.0
Patterned_surface/L1_307d8b27f8d7ec21f7d8a623ead8415c.jpg,Patterned_surface/L1_f0d886e7ada6d212a4d88e39c5da1ea1.jpg,0,1.0
Patterned_surface/L1_307d8b27f8d7ec21f7d8a623ead8415c.jpg,Patterned_surface/L1_7891e7c4dcecaa782cb3a821f8835c36.jpg,0,1.0
Patterned_surface/L1_057096dc6ac2258ad49ab53928894356.jpg,Patterned_surface/L1_5834171972e118daccac6f96c3bf3651.jpg,0,1.0
Patterned_surface/L1_638cb3aa851560e689cd64b9cdd6ea71.jpg,Patterned_surface/L1_a1be3df55c0a089d5675517c018d8c1e.jpg,0,1.0
Patterned_surface/L1_627554cd34499bee0192eba9f0ad8e1b.jpg,Patterned_surface/L1_098b61b454acb95fe41898485f2ab26b.jpg,0,1.0
Patterned_surface/L1_43624d2c7a99bd1f89257f344a77f116.jpg,Patterned_surface/L1_4d938e5fe4666c40a8dacf93a19816e7.jpg,0,1.0
Patterned_surface/L1_78389adf9587c9d39d2871d89456fc18.jpg,Patterned_surface/L1_63a133c6f03a56b837dece32342f68bf.jpg,0,1.0
Patterned_surface/L1_5e09899caed49f7b92b151028c7c5728.jpg,Patterned_surface/L1_0bb78782b4d0053a1c3250ff8aabe3fa.jpg,0,1.0
Patterned_surface/L1_0e5cf227eb9e5dab0135ddeb53462413.jpg,Patterned_surface/L1_48ad0f92001bf9cbf2a00d8a1e6b5b4d.jpg,0,1.0
Patterned_surface/L1_b0bc36750b0b6635463faca5888b308d.jpg,Patterned_surface/L1_3779d6e22193baf46932540ec1caef1b.jpg,0,1.0
Patterned_surface/L1_993e9bd4b5ab1e38ef5116ae04870275.jpg,Patterned_surface/L1_994a9ded8af5d6f8a51beb5f34126476.jpg,0,1.0
Patterned_surface/L1_c8ec2f912aa622c4df6c097dd360d179.jpg,Patterned_surface/L1_cdc1cc41f47d655584498eae6bb88c25.jpg,0,1.0
Patterned_surface/L1_c8ec2f912aa622c4df6c097dd360d179.jpg,Patterned_surface/L1_b895fb0140a376804f9a4196bc3d60b7.jpg,0,1.0
Patterned_surface/L1_065b93e7ecb3684456cf91fcfb0df493.jpg,Patterned_surface/L1_a703843a5e11176b9a526261017a949e.jpg,0,1.0
Patterned_surface/L1_3cc8dfbffaaf9bce62b9ccc57d42379b.jpg,Patterned_surface/L1_612e68133e2a5f6b4a9716bc5d8998ee.jpg,0,1.0
Patterned_surface/L1_970fc310b023a2c83f480999e5c3d26d.jpg,Patterned_surface/L1_6288807279c366faecad3d84c353678d.jpg,0,1.0
Patterned_surface/L1_ab38b9da9862235ee2c669b3572f4580.jpg,Patterned_surface/L1_73a8a58ba7ae3743f00a94d46bbed37e.jpg,0,1.0
Patterned_surface/L1_5561bb539928fe771434d3f14024f9fb.jpg,Patterned_surface/L1_d4efe21d4e759e1cc0e9e16a45a390ce.jpg,0,1.0
Patterned_surface/L1_7910b7b85c7902224a2e7f4cee5c5ee9.jpg,Patterned_surface/L1_08efaa2b29ee7be6a706fb522ef69b40.jpg,0,1.0
Patterned_surface/L1_5520cd1d9b48300cce944bc5ec05ef22.jpg,Patterned_surface/L1_44cdaf547af69988852179051b3222a8.jpg,0,1.0
Patterned_surface/L1_b8904188e0137d1a11f057eb65c8c47a.jpg,Patterned_surface/L1_7cc46d154a3bdfd74faa45bb54133be8.jpg,0,1.0
Patterned_surface/L1_e469499c86f6871b1becccba361e3a4a.jpg,Patterned_surface/L1_60a6710deab2ba6a9f6e7814dff5516d.jpg,0,1.0
Patterned_surface/L1_e0ffd1eda2ab633b8950b732b76f584d.jpg,Patterned_surface/L1_69ded32c11bde6833055a8e4a4c5eda1.jpg,0,1.0
Patterned_surface/L1_dd9ef8dbf05a300905c87c5b36a55c16.jpg,Patterned_surface/L1_8f6123380c177b79b6544df30b1ec968.jpg,0,1.0
Patterned_surface/L1_4094f5219d6326d0c7e228adcd929cc1.jpg,Patterned_surface/L1_8e210ec056c79da3a6ec5ed29f637d81.jpg,0,1.0
Patterned_surface/L1_5aad7d812d734dd55df9c6d2e443172a.jpg,Patterned_surface/L1_9217d6403c8c6f2cc8d7609458775a9f.jpg,0,1.0
Patterned_surface/L1_3f6fe3ccb02a97e3eee94fa67e3d981b.jpg,Patterned_surface/L1_6032885d9539141d5807e9e7ad77d2d0.jpg,0,1.0
Patterned_surface/L1_ec33751a8a1d8bb320fac7c67a957620.jpg,Patterned_surface/L1_5d415e0a825cbddfadf377b5e25a4f1a.jpg,0,1.0
Patterned_surface/L1_e68e5d8cafbe9d8e5047f4910652d3a4.jpg,Patterned_surface/L1_d7b9b645a2846d498f235f821c4261e3.jpg,0,1.0
Patterned_surface/L1_2a7c4bb54d7af3d1139b7e1f30650f5b.jpg,Patterned_surface/L1_b6dd9f28c380c38e6ad87b9903a82093.jpg,0,1.0
Patterned_surface/L1_f8e3caf3f5a4ef8f8a3c37bda2c0bb38.jpg,Patterned_surface/L1_d2664e18a63569e161e3da539424c995.jpg,0,1.0
Patterned_surface/L1_a5c9e5e2cfde075ec317d3892d186911.jpg,Patterned_surface/L1_2029ad44a53f9b34ed72d4870989dc7f.jpg,0,1.0
Patterned_surface/L1_8936229158c022927a73aea0aeec70cd.jpg,Patterned_surface/L1_1fc23315d7f0cd93a59af56fec8f8fed.jpg,0,1.0
Patterned_surface/L1_8936229158c022927a73aea0aeec70cd.jpg,Patterned_surface/L1_0ad5510c5ccf13d7d25dcac365031806.jpg,0,1.0
Patterned_surface/L1_41abf72f95eef7457c42ca53eb14a46e.jpg,Patterned_surface/L1_a6bd7bb2344a2df62bacccb1db37d234.jpg,0,1.0
Patterned_surface/L1_7df932335d3920d6cc70b90e3587a9ad.jpg,Patterned_surface/L1_f13158e1780c6eebcca08780fe1d59ad.jpg,0,1.0
Patterned_surface/L1_7df932335d3920d6cc70b90e3587a9ad.jpg,Patterned_surface/L1_aa07ccb1325ce3ea31a94118f7382e7e.jpg,0,1.0
Patterned_surface/L1_4951693ff424e6f0588ea6651337652c.jpg,Patterned_surface/L1_e19f0bba2d3e67b9916f2a8edd712458.jpg,0,1.0
Patterned_surface/L1_c9bfb6c827c9f4df5b53679f13567674.jpg,Patterned_surface/L1_c86721df5712bb59e63e11f5394ae613.jpg,0,1.0
Patterned_surface/L1_04062685ecd95917d67ffb709f3f11eb.jpg,Patterned_surface/L1_7bf7992e273366fabc77ff702b42af20.jpg,0,1.0
Patterned_surface/L1_56c216dc04e355c70d7d48204ede03d2.jpg,Patterned_surface/L1_c39ef3ac83b8d6479aa2edea06fcde51.jpg,0,1.0
Patterned_surface/L1_a4c451cf0fdb6b929b91869eb2495721.jpg,Patterned_surface/L1_aec8b8c822274294ebbafca404323705.jpg,0,1.0
Patterned_surface/L1_ce66bc03e1dcb38f95eb3f13d6879f19.jpg,Patterned_surface/L1_a34b1a3657b8899d53ed2d5cec85853c.jpg,0,1.0
Patterned_surface/L1_057fe4e12e2d356d890067fadf4e056d.jpg,Patterned_surface/L1_94394b49324c5a4dc643dcd25a5e3321.jpg,0,1.0
Patterned_surface/L1_057fe4e12e2d356d890067fadf4e056d.jpg,Patterned_surface/L1_b1053686cce6eb1bc7277e1bd0114d31.jpg,0,1.0
Patterned_surface/L1_97d787c18fa0c25ddb63a638aeea3ac5.jpg,Patterned_surface/L1_43bf5573accab9e3c51d46667e3254f2.jpg,0,1.0
Patterned_surface/L1_2642af78450df6b7ab1a7cf288c39d8a.jpg,Patterned_surface/L1_60de864791570afdef41646450fa62b7.jpg,0,1.0
Patterned_surface/L1_2642af78450df6b7ab1a7cf288c39d8a.jpg,Patterned_surface/L1_b6316f1e6968f6ee0b9a1d16600017e6.jpg,0,1.0
Patterned_surface/L1_2642af78450df6b7ab1a7cf288c39d8a.jpg,Patterned_surface/L1_a1aa655e8573b46978df5751081cfe94.jpg,0,1.0
Patterned_surface/L1_1443198c88ea4322806a13740a38a650.jpg,Patterned_surface/L1_c5fbeef9129ecd0005ec793aaa6ae445.jpg,0,1.0
Patterned_surface/L1_548c11db5affce73eca26fe236972426.jpg,Patterned_surface/L1_b0e2f0c4726e959bf4ed7f95401d1664.jpg,0,1.0
Patterned_surface/L1_5696799a4e1abd04a0be4db9240fabe4.jpg,Patterned_surface/L1_865c5e9c6c8c8f3ada57b7bf52fbfc4f.jpg,0,1.0
Patterned_surface/L1_94394b49324c5a4dc643dcd25a5e3321.jpg,Patterned_surface/L1_b1053686cce6eb1bc7277e1bd0114d31.jpg,0,1.0
Patterned_surface/L1_0ac67f978e550e5af400e41fd94dd5a5.jpg,Patterned_surface/L1_95e666daad8fa5be661bffdc67fff9f2.jpg,0,1.0
Patterned_surface/L1_86a2b7e4079aac900982eb7220ab3bb9.jpg,Patterned_surface/L1_67fe739eb19a5c6ec35b6b02a5efe278.jpg,0,1.0
Patterned_surface/L1_60de864791570afdef41646450fa62b7.jpg,Patterned_surface/L1_b6316f1e6968f6ee0b9a1d16600017e6.jpg,0,1.0
Patterned_surface/L1_60de864791570afdef41646450fa62b7.jpg,Patterned_surface/L1_a1aa655e8573b46978df5751081cfe94.jpg,0,1.0
Patterned_surface/L1_49a102ab1df639eb06e0a5afa8dd3074.jpg,Patterned_surface/L1_58caf354bcc58688d2c3f2e547b67cbe.jpg,0,1.0
Patterned_surface/L1_3972201a6cd078993f3cceaaf88085aa.jpg,Patterned_surface/L1_24b6a44f27c1d9e34da796e58f8706ed.jpg,0,1.0
Patterned_surface/L1_55561c59309678c7f0b7b56d08f31a71.jpg,Patterned_surface/L1_0f223850f7b89fbae12abfb004c58846.jpg,0,1.0
Patterned_surface/L1_c42bd43e933de30394c060ea0f9ac56c.jpg,Patterned_surface/L1_abbdcc0843e3acb54d495afa41ab5ae5.jpg,0,1.0
Patterned_surface/L1_1fc23315d7f0cd93a59af56fec8f8fed.jpg,Patterned_surface/L1_0ad5510c5ccf13d7d25dcac365031806.jpg,0,1.0
Patterned_surface/L1_b46a833a1ac3f46ad556cba6b036c5df.jpg,Patterned_surface/L1_472f216128c9deb03adfe68d98d37478.jpg,0,1.0
Patterned_surface/L1_8289efffa96ba402b812c2cdf220211a.jpg,Patterned_surface/L1_d5de29701cffbbc23f8c957f8e92ac65.jpg,0,1.0
Patterned_surface/L1_f13158e1780c6eebcca08780fe1d59ad.jpg,Patterned_surface/L1_aa07ccb1325ce3ea31a94118f7382e7e.jpg,0,1.0
Patterned_surface/L1_4855e2406f5c1c46b5954f1a9dbe6056.jpg,Patterned_surface/L1_26426d7d2084251a224b3ea2b5b63348.jpg,0,1.0
Patterned_surface/L1_74d60c1c53113628d8967ed07d4f8b24.jpg,Patterned_surface/L1_12737f7a6472cae476cf6cd4c49f50d2.jpg,0,1.0
Patterned_surface/L1_2b046150ff770d6f26c88420fbfa0831.jpg,Patterned_surface/L1_36bbe23c457e5374bfdcf74029768844.jpg,0,1.0
Patterned_surface/L1_66b720750c81877f30b48155a8f5de05.jpg,Patterned_surface/L1_dd15cc2b5a349b58a2de4a5ee4e121fb.jpg,0,1.0
Patterned_surface/L1_5e74c6b6b94db59d3fba1e8e871f0b98.jpg,Patterned_surface/L1_18e3183cbe04b39c40ac5743455eaa4a.jpg,0,1.0
Patterned_surface/L1_3ac5ab460e716981ae418c77e51dd667.jpg,Patterned_surface/L1_7eb7a64f07ef8e39ab231dbdda692989.jpg,0,1.0
Patterned_surface/L1_c4d859b00242ed4fde0ee9492e5d2d9c.jpg,Patterned_surface/L1_83b216cc2adcd9385ef1c4a1c0872c79.jpg,0,1.0
Patterned_surface/L1_f0c29f0d4d168c208967686231f2c8ee.jpg,Patterned_surface/L1_f19d893c44f18e751b536acb623426bf.jpg,0,1.0
Patterned_surface/L1_f0c29f0d4d168c208967686231f2c8ee.jpg,Patterned_surface/L1_cc6c60bf988812c1f8d945d02283c5a8.jpg,0,1.0
Patterned_surface/L1_d1a118796b0265f91d69ea17e2a69719.jpg,Patterned_surface/L1_aeef5995f6b4acdab83fd971ff202cf2.jpg,0,1.0
Patterned_surface/L1_bb286b8384229886c613ff6d937f3d57.jpg,Patterned_surface/L1_061f426c76995214dd9173fd189772c7.jpg,0,1.0
Patterned_surface/L1_cdc1cc41f47d655584498eae6bb88c25.jpg,Patterned_surface/L1_b895fb0140a376804f9a4196bc3d60b7.jpg,0,1.0
Patterned_surface/L1_ed25d6928dac479270bc6671122c0b35.jpg,Patterned_surface/L1_0155779b5e1c95e4b8362027b365f80e.jpg,0,1.0
Patterned_surface/L1_f49f1c5de4c9eb7222dac36ea36759e6.jpg,Patterned_surface/L1_29a087d321881d26f230e0785d8d5b0c.jpg,0,1.0
Patterned_surface/L1_7fab4c5d483171bfd1ac1653b24978af.jpg,Patterned_surface/L1_ab57d779514669ebdbe2392575ad882d.jpg,0,1.0
Patterned_surface/L1_ebf05aebd727219002d1ed9164b1a4e4.jpg,Patterned_surface/L1_46ed4788f1ff8791505970c02c08fc9a.jpg,0,1.0
Patterned_surface/L1_bd5b3c9fb047eae3af27eba36ac29593.jpg,Patterned_surface/L1_66d9b02dd77dfb73f560a688e7d690b2.jpg,0,1.0
Patterned_surface/L1_4dae76717d71cffd2d305bb9889f3b84.jpg,Patterned_surface/L1_88c6e4ca5e9cff0a3947bc41754f2754.jpg,0,1.0
Patterned_surface/L1_1a86f4ab32469335b954474b18a41171.jpg,Patterned_surface/L1_2444ba8ff83ef17aa79f7de9d3d02df4.jpg,0,1.0
Patterned_surface/L1_9db06594777e183499f98ff1592bd5ca.jpg,Patterned_surface/L1_3d99962f4b41fe841b0c4d35b2cf8cc8.jpg,0,1.0
Patterned_surface/L1_717ddcde92101ff2af43172b88e1994c.jpg,Patterned_surface/L1_aace7baf73c9ef00e01cf445fcf805ed.jpg,0,1.0
Patterned_surface/L1_f0d886e7ada6d212a4d88e39c5da1ea1.jpg,Patterned_surface/L1_7891e7c4dcecaa782cb3a821f8835c36.jpg,0,1.0
Patterned_surface/L1_b6316f1e6968f6ee0b9a1d16600017e6.jpg,Patterned_surface/L1_a1aa655e8573b46978df5751081cfe94.jpg,0,1.0
Patterned_surface/L1_f19d893c44f18e751b536acb623426bf.jpg,Patterned_surface/L1_cc6c60bf988812c1f8d945d02283c5a8.jpg,0,1.0
Patterned_surface/L1_00bc6da902103e29b555ba4c87e193b6.jpg,Patterned_surface/L1_0c29f9c6ecaac73d670135727ce4950b.jpg,0,1.0
Patterned_surface/L1_4ddab4506e6bd6fcb66474875da9affc.jpg,Patterned_surface/L1_8e0e480b1e0ad498180a72ae261621f2.jpg,0,1.0
Patterned_surface/L1_29bead9453a994e1fb90248a2e2fbeaf.jpg,Patterned_surface/L1_65022d7d5de8a0c9843541f89e6e46f5.jpg,0,1.0
Porous_Sponge/L0_f950342cf9fdb2e0971c3850608db0bf.jpg,Porous_Sponge/L0_76790e49cb19cde496a02ac9f4d69bc9.jpg,0,1.0
Porous_Sponge/L0_3ac8acf63c790f286602439f0039cc15.jpg,Porous_Sponge/L0_9542b000ba65cf88d13afc649b5c3f71.jpg,0,1.0
Porous_Sponge/L0_f75d2966873ea0778bbf242ef2a56ef7.jpg,Porous_Sponge/L0_8bab62b53d34fce6ae7d30d686a1f184.jpg,0,1.0
Porous_Sponge/L0_bbaf2aba3f987b75e124f6c06eb6e84a.jpg,Porous_Sponge/L0_0b19dd513f38a9213b227e6323a79170.jpg,0,1.0
Powder/L4_0f5190935eba8739b6f6faef5425fe80.jpg,Powder/L4_8550b605c87d9d9e8cd5be2543451e58.jpg,0,1.0
Powder/L4_786d65b929cb0cab5ab953664c719160.jpg,Powder/L4_7cc0b0165f29833e7955b39758b63f2c.jpg,0,1.0
Powder/L4_f469dcfc187e94c666a189e4051e6eb5.jpg,Powder/L4_b0f2096af7b2e50f97775025770ac67f.jpg,0,1.0
Powder/L4_b0da817db8f86e8c71c33ac11c2e42e2.jpg,Powder/L4_43ef0871c4f2359378efdce62951e220.jpg,0,1.0
Powder/L4_e7c29533fec9237e76faf8888ce0afba.jpg,Powder/L4_862596af378b4ca22b869be565f7c0b6.jpg,0,1.0
Powder/L4_9382f1519abe2c97aa48a19597dcb899.jpg,Powder/L4_0851776002e1cf0e5e053b65dc0c65e1.jpg,0,1.0
Powder/L4_7f4a022b7d8c1c033751f47e114ca2f4.jpg,Powder/L4_c14a0a7942c21a2e21e9d65875372a25.jpg,0,1.0
Powder/L4_560c5f73b99875ed973731a4bdb0ae71.jpg,Powder/L4_1324a0144dac94feb4de2023c458bf74.jpg,0,1.0
Powder/L4_5b347bb788fc586cf581dc23fe7bc91f.jpg,Powder/L4_e6de60f064bde6193c0bfa298ec052e3.jpg,0,1.0
Powder/L4_baedfbf1d6322e10b5b13403848d389a.jpg,Powder/L4_eaeb8a271d5a7f4ae98861e33bc694e0.jpg,0,1.0
Powder/L4_bd89df15df0c30d93cfab02eae4eb78d.jpg,Powder/L4_ddd23987b737deb37b47dfabe54c792b.jpg,0,1.0
Powder/L4_bf4b44b5841517a4a8db8390e315635c.jpg,Powder/L4_c9ce2ae53006a17039790acad613fba8.jpg,0,1.0
Powder/L4_65e6a377f5c3bef848b90c494a20a8d6.jpg,Powder/L4_3cbbe2d7fa6eb4fea164171923dde300.jpg,0,1.0
Powder/L4_2c28f9b3ad063f2f5b4f260f7318688b.jpg,Powder/L4_6d98419888d0cb9c273446b570cfa059.jpg,0,1.0
Powder/L4_c7a8582d9fcef0cc67494246852cbfae.jpg,Powder/L4_44d4c228f80dee2c64eba80f7aae67d5.jpg,0,1.0
Powder/L4_b555292aa59d2b6c87dd0a93fb379c0f.jpg,Powder/L4_bd4c6db8e96b2ba73b253b5c03aa57f5.jpg,0,1.0
Powder/L4_fa195498e81e93b5a223f91403940cb2.jpg,Powder/L4_2bace72ad4a5e962f0611e172d05030d.jpg,0,1.0
Powder/L4_f88f24bee8f0e14b24523aae257a6d5d.jpg,Powder/L4_0b38967738d118dbd31d1e160311616f.jpg,0,1.0
Powder/L4_f12201b5e589bb240bed551086ea093d.jpg,Powder/L4_28178ab8363fb23b5f2f30dc5b8e390b.jpg,0,1.0
Powder/L4_835243c91bb5ee3889a83ea389f92cee.jpg,Powder/L4_31331f26171507f1a8b4af9ce56838d6.jpg,0,1.0
Powder/L4_59197903a16425949d27759f9cb64216.jpg,Powder/L4_80a4c7778f398f171b6e3eb05bf2be63.jpg,0,1.0
Powder/L4_a85f35f159535e2226a941d178bb4976.jpg,Powder/L4_1c694fee4b4bd44d76e51122601b41e7.jpg,0,1.0
Powder/L4_27d4fd12ad3cfd9be3a43bdec5ba779b.jpg,Powder/L4_dc95adf43178470661709bd87a06df9e.jpg,0,1.0
Powder/L4_e0d44aba6838f3b04cab1513c5f1d328.jpg,Powder/L4_042fd07c99aa132105614cf3f0c228ed.jpg,0,1.0
Powder/L4_77ad9debf920fcab65c67897d0ff26e4.jpg,Powder/L4_d97f0449be2328e89ab396b7741c36ed.jpg,0,1.0
Powder/L4_ac531bf2c2eac644840cce0770c44efe.jpg,Powder/L4_2d56823aaca8a52b777802dfe1e60467.jpg,0,1.0
Powder/L4_eb34087beffe930d9b7d770064d21144.jpg,Powder/L4_73e300450a1d789d88142b7dbc29fb8c.jpg,0,1.0
Tips/L5_5cc7a2e285a2feb48eb9bbefb1ffbc02.jpg,Tips/L5_69ded32c11bde6833055a8e4a4c5eda1.jpg,0,1.0
Tips/L5_f1ab9b6c6d301640d95cff0e116263c2.jpg,Tips/L5_da7cd61b59a9f6e513141d88c39e28ac.jpg,0,1.0
Tips/L5_45d31f7a5cb164fb08c57c0670b1739c.jpg,Tips/L5_b31a1008e160285ee7319f972ea60da4.jpg,0,1.0
Tips/L5_542bb90fddad3af21e9833d0f096a12b.jpg,Tips/L5_e5b33b9efbf75f95af3c6065dd7fe3ca.jpg,0,1.0
Tips/L5_319f2ff77d5ae969dc9f100591cfb645.jpg,Tips/L5_445258e0f85cfd5e4890388f04809143.jpg,0,1.0
Tips/L5_319f2ff77d5ae969dc9f100591cfb645.jpg,Tips/L5_cdbea5d9c07ce9440741f84ddf632288.jpg,0,1.0
Tips/L5_319f2ff77d5ae969dc9f100591cfb645.jpg,Tips/L5_23ae431edc62de67df55114cd3bd24a4.jpg,0,1.0
Tips/L5_95bb8671826605bed09b3e3af3b65ecb.jpg,Tips/L5_a5a94997b1eea5ed24a9e51aeb480849.jpg,0,1.0
Tips/L5_6fad0f2be001d4b10f859d63be29aabf.jpg,Tips/L5_10102baa6b3e4c7ac114d2591183499e.jpg,0,1.0
Tips/L5_b0e169ec877e5b3eed63df21fadcb151.jpg,Tips/L5_99d404d7ab6ee91121ec9a4fb0fb1054.jpg,0,1.0
Tips/L5_6d3ea9bad256996a402fc843cc591983.jpg,Tips/L5_619411032dd7e8ea90f0813d13e28574.jpg,0,1.0
Tips/L5_580976ed41338d35c82949d2fcfcd93d.jpg,Tips/L5_bd7cc2c91a7d95171150a8e57a2296ac.jpg,0,1.0
Tips/L5_445258e0f85cfd5e4890388f04809143.jpg,Tips/L5_cdbea5d9c07ce9440741f84ddf632288.jpg,0,1.0
Tips/L5_445258e0f85cfd5e4890388f04809143.jpg,Tips/L5_23ae431edc62de67df55114cd3bd24a4.jpg,0,1.0
Tips/L5_29c42b7df65c1b1691050fb1cb8d290c.jpg,Tips/L5_b3db42bb71896838633790764de72928.jpg,0,1.0
Tips/L5_172cf1870848c2ee4f02efe7873adc9b.jpg,Tips/L5_a1f33a6a1e6f73bf84a763ec3bdf417b.jpg,0,1.0
Tips/L5_b97093a7f2122e3a3be4b35c9092da11.jpg,Tips/L5_e7fa39262fe599cf59fc3ea09d471833.jpg,0,1.0
Tips/L5_3e7ccb60b147154c99bf6af8444b8db2.jpg,Tips/L5_4094f5219d6326d0c7e228adcd929cc1.jpg,0,1.0
Tips/L5_47ba792fb5bd1fbbc6f68c48c6b3b3b1.jpg,Tips/L5_570a3ec46e235f335ca36784025feccd.jpg,0,1.0
Tips/L5_9af53d993c1eb6c3cfc1d6efc774593b.jpg,Tips/L5_512f35da7f03621e6349297dde1abc58.jpg,0,1.0
Tips/L5_297a2bff0108f423d605658119f314e7.jpg,Tips/L5_ec3345177547b695180201362e21ae6d.jpg,0,1.0
Tips/L5_5ca7ed26f45be14df659ee131ecd66f7.jpg,Tips/L5_df3943067f869ce2c622274c1fe05a5e.jpg,0,1.0
Tips/L5_23b640a3a9409006665d9921904d0743.jpg,Tips/L5_86777f24508b0639d1fb5d8691c22665.jpg,0,1.0
Tips/L5_5990992f70ac1f22241084ef1435715f.jpg,Tips/L5_343cead2412660812741cd4d79ec6013.jpg,0,1.0
Tips/L5_2bf46e85d106b86e09c2d6f74f6ff72b.jpg,Tips/L5_0d55707e2992c7ed5dce5e5b6a190792.jpg,0,1.0
Tips/L5_fc7e144af689443b791355082b125987.jpg,Tips/L5_3e960c0c721c9cc52b13da5bd921f002.jpg,0,1.0
Tips/L5_02e9dd89ad3c6e85ea46bdfe3fd950f7.jpg,Tips/L5_2fa7b4898cf1c295d72ecc48739733f0.jpg,0,1.0
Tips/L5_7117f8280cfa36e9bbb1f7618250b96a.jpg,Tips/L5_71021a5cea8b57d05ee15b61c95a72c4.jpg,0,1.0
Tips/L5_72d304dd08c7d4da6edac8e958ccc608.jpg,Tips/L5_7daf2d824dd5295e8db6070b5753e9a6.jpg,0,1.0
Tips/L5_77353a930399ceed8b18b42e06a9392b.jpg,Tips/L5_49c2edbbc8691b33a4f57d1f8518c4a8.jpg,0,1.0
Tips/L5_dd453a739eda65343e350177c54652e8.jpg,Tips/L5_e865799b6de34ef8901443220cdad772.jpg,0,1.0
Tips/L5_2430fe9f88cd47cbec455e7c067d29bc.jpg,Tips/L5_eea6498c467243bf3f076944760bd52e.jpg,0,1.0
Tips/L5_8c58481fbe59a514303693b095d91cec.jpg,Tips/L5_77994fb64c94d9b3fe338196a9363580.jpg,0,1.0
Tips/L5_0efe37753ead7f67b3efa00ba17d814d.jpg,Tips/L5_c684cffa922fc9673530c97f7316546f.jpg,0,1.0
Tips/L5_c4f8c36eaf0683c5d2678f06c3e2fef8.jpg,Tips/L5_c97239e0a74fc5e7a9e4e17ea7451035.jpg,0,1.0
Tips/L5_618a58f4f9656c55ceaba8584c43ed2e.jpg,Tips/L5_293cedcf915083213fd51baa1fd574aa.jpg,0,1.0
Tips/L5_f8db6e3facae11748813d547eecf3000.jpg,Tips/L5_1db9aad0788e6be48c5b5b620a515b3a.jpg,0,1.0
Tips/L5_ce68cd75c8ccebb38842049c052ce821.jpg,Tips/L5_a68ce3fb7fd0a81bc190ac1567dd47b4.jpg,0,1.0
Tips/L5_2444ba8ff83ef17aa79f7de9d3d02df4.jpg,Tips/L5_7bc0745f88b0dc79541a870da1ea475e.jpg,0,1.0
Tips/L5_5faf1cb768f874c56aaec2dc927804dd.jpg,Tips/L5_21bbe053949253f6487b926cf938936a.jpg,0,1.0
Tips/L5_be6661e952531ea33d8acb51a95a5b44.jpg,Tips/L5_2e60dc23ef4e219c74e00c3ffdd2e694.jpg,0,1.0
Tips/L5_7d348e113e7d4543158c0ef0d961fddc.jpg,Tips/L5_05a4938443cad50fcaec5543275c0a36.jpg,0,1.0
Tips/L5_ce9e81b90099af95fbf75bb692a44c98.jpg,Tips/L5_eec996dae46e4ab59b9002537e3c4694.jpg,0,1.0
Tips/L5_50194b5ed8e4db4bdeffc435fded99d9.jpg,Tips/L5_600b8e289500c58a61172ce085e454b1.jpg,0,1.0
Tips/L5_b5c87c66b601f3a96c892cc1e087052f.jpg,Tips/L5_69532ae5417d4aa8744b3ea79198e829.jpg,0,1.0
Tips/L5_cdbea5d9c07ce9440741f84ddf632288.jpg,Tips/L5_23ae431edc62de67df55114cd3bd24a4.jpg,0,1.0
Tips/L5_08c256f5d4bf8a056d8b9142d5ecf13f.jpg,Tips/L5_aa316e645e31821c0ccaf37137a64d5d.jpg,0,1.0
Tips/L5_488f292097933bed9086233680b88974.jpg,Tips/L5_47bf2bcff6856de15f8f1b9fbaf51735.jpg,0,1.0
Tips/L5_8f08ad8f135fe37a0914b88f33ce0c27.jpg,Tips/L5_84849d23d4d40552b390f1bbe697a58c.jpg,0,1.0
Tips/L5_4a3ce0a6d9ef358d3cac42110ccfd00a.jpg,Tips/L5_9e399574ec1d10b4ee9e0b8bc8984f15.jpg,0,1.0
Tips/L5_83eec70f8879f220311677f8814e5eb4.jpg,Tips/L5_e981c3159b804d710d80730ec6f11779.jpg,0,1.0
Tips/L5_2dbe59bdcb9a01271dd8d9143dda86c6.jpg,Tips/L5_5cf25192b03f5073fe70d642496b9e1e.jpg,0,1.0
Tips/L5_5a35b80196c01bebb57d1298e4235522.jpg,Tips/L5_e38cc375b01609aae6738560573f717b.jpg,0,1.0
Tips/L5_589de463b8863dddcb00fe43acaf694b.jpg,Tips/L5_932e8847061103595b73787067357341.jpg,0,1.0
Tips/L5_388456181aab672d5fcd5f56ab788eff.jpg,Tips/L5_738beb43db089eb0fe8236c3b25a6ad0.jpg,0,1.0
Tips/L5_677d344e7e4be51d15e729d3a7cbb2eb.jpg,Tips/L5_202aaad9611b07a191aa4311c8aa837b.jpg,0,1.0
Biological/L7_93afdb234f3d83a9daee3a2a078fd510.jpg,Biological/L7_23ec948baead2e4249b49abbb7cf74a6.jpg,0,0.999
Biological/L7_983488728445f2a855bbb9ef49d45aee.jpg,Biological/L7_1e08638b225ee534cd2f2d290e64a8be.jpg,0,0.999
MEMS_devices_and_electrodes/L8_0330ece3a3f1c5e30f806a0016e9208b.jpg,MEMS_devices_and_electrodes/L8_2fbe6fab0b72eb8080e24b02470df871.jpg,0,0.999
MEMS_devices_and_electrodes/L8_82806cc6ad96de7c6ef7dcb96f07afdd.jpg,MEMS_devices_and_electrodes/L8_20e844ad58672defc89ec292bee05e77.jpg,0,0.999
MEMS_devices_and_electrodes/L8_222beeaa5f5194f3b7eb80c42bd9d04f.jpg,MEMS_devices_and_electrodes/L8_59e24093b3f3791904b0152c252a7804.jpg,0,0.999
MEMS_devices_and_electrodes/L8_d0539d235dc63e7dc13e1e657da21e3c.jpg,MEMS_devices_and_electrodes/L8_f11d3ebee0c8956058d8a3875a91568d.jpg,0,0.999
MEMS_devices_and_electrodes/L8_ed7f4ca95bb1e7eab132b87c314024fe.jpg,MEMS_devices_and_electrodes/L8_8a8f0e2caceb01f114bec0527e70e448.jpg,0,0.999
MEMS_devices_and_electrodes/L8_b2d205bf3b396d8806cc621264bf0f08.jpg,MEMS_devices_and_electrodes/L8_97b0bb74e63f33e58b6922638bb31ee8.jpg,0,0.999
MEMS_devices_and_electrodes/L8_f8d3eee047f585d997bd09894087733d.jpg,MEMS_devices_and_electrodes/L8_15f99df78713e7570fd151f5276625d4.jpg,0,0.999
MEMS_devices_and_electrodes/L8_9e69ca94319df20c2a7b754289c0082d.jpg,MEMS_devices_and_electrodes/L8_97367d304205cd1c8d85859598fa747f.jpg,0,0.999
MEMS_devices_and_electrodes/L8_97367d304205cd1c8d85859598fa747f.jpg,MEMS_devices_and_electrodes/L8_45f31c2dd52e357d56888d5b56b97109.jpg,0,0.999
MEMS_devices_and_electrodes/L8_8ca721f71be9a080b20ac5352530e837.jpg,MEMS_devices_and_electrodes/L8_23446364c45b6bfe15a0c6bfa5a5645d.jpg,0,0.999
Nanowires/L6_d1d8b2b271250a9d0972682e4b332174.jpg,Nanowires/L6_12c3bd8c32d01e32702c7b78e61d1d80.jpg,0,0.999
Nanowires/L6_8e113e2023a03f81d0671d38a16b4798.jpg,Nanowires/L6_600154fe8ac51c3b3bfb5a5b37acd38a.jpg,0,0.999
Nanowires/L6_e5cb83f999b52889be5309b9b24f2dcf.jpg,Nanowires/L6_e7ba64190ac0e40ff14a1cbf4caedf7d.jpg,0,0.999
Nanowires/L6_d1ba566e2aee22f3214355b3cd526a8c.jpg,Nanowires/L6_16b9453719384f0ad0aafc607fbe5cde.jpg,0,0.999
Nanowires/L6_533b2204317f29062942f43800de1278.jpg,Nanowires/L6_aac0c296e642b8307c7fc51e382333ef.jpg,0,0.999
Nanowires/L6_6d1238dcb32bf9decd8a875417c6fa3e.jpg,Nanowires/L6_d070c229481276a3cbd0372cc0cdcd4c.jpg,0,0.999
Nanowires/L6_0bf3dc2e375ab764acebd05a369aedb6.jpg,Nanowires/L6_4343abeeb0fac05b6f5a61c8a2fef02c.jpg,0,0.999
Particles/L2_19063adb6f7fbbb441e616f027480cbc.jpg,Patterned_surface/L1_7273140cd90dc4da81f41dc60a87b345.jpg,0,0.999
Particles/L2_3ecd768ce2f5423b3dbad5e658814f6b.jpg,Particles/L2_f45d4c04214d22d47848247d4dd631dd.jpg,0,0.999
Particles/L2_3ecd768ce2f5423b3dbad5e658814f6b.jpg,Particles/L2_df87cd4c2e6d8808f057797549da9bbb.jpg,0,0.999
Particles/L2_3ecd768ce2f5423b3dbad5e658814f6b.jpg,Particles/L2_a948a582efad7f675d0b53bc9426be33.jpg,0,0.999
Particles/L2_6a9ec949bb9df2148c35a8dd878b3f6b.jpg,Particles/L2_70cd47daa87cef0171cd7115648ea69e.jpg,0,0.999
Particles/L2_6a9ec949bb9df2148c35a8dd878b3f6b.jpg,Particles/L2_3379b8ba1d4ee1a37f47f73238a0a4d3.jpg,0,0.999
Particles/L2_2d6e9c3835a385034585eea8557956bb.jpg,Particles/L2_2de70af1013f938169933275b26a6c51.jpg,0,0.999
Particles/L2_4e0e1fe185811c3add79faa5c4d1bc06.jpg,Particles/L2_48501590a25854ef2fd6a63c33d5ba7f.jpg,0,0.999
Particles/L2_4e0e1fe185811c3add79faa5c4d1bc06.jpg,Particles/L2_885a3f78695157ed288dc7c4bc084c6a.jpg,0,0.999
Particles/L2_70cd47daa87cef0171cd7115648ea69e.jpg,Particles/L2_3379b8ba1d4ee1a37f47f73238a0a4d3.jpg,0,0.999
Particles/L2_7b29f8067ac8be9a0a92a4b78f332e75.jpg,Particles/L2_7135ed7fb50d54c13eddb8d5a4959e2a.jpg,0,0.999
Particles/L2_f45d4c04214d22d47848247d4dd631dd.jpg,Particles/L2_df87cd4c2e6d8808f057797549da9bbb.jpg,0,0.999
Particles/L2_5d26ee519247a8b011139aded6a5d9f6.jpg,Particles/L2_c51d17ae9cb794e1a6985e059ebe31cd.jpg,0,0.999
Particles/L2_35e4225a83b40504b8917fbf9d9369de.jpg,Particles/L2_590807f1af0159b8981d8fde46459d2a.jpg,0,0.999
Particles/L2_78715ee594bb4208ec3ddad8f8548bf8.jpg,Particles/L2_48501590a25854ef2fd6a63c33d5ba7f.jpg,0,0.999
Particles/L2_78715ee594bb4208ec3ddad8f8548bf8.jpg,Particles/L2_885a3f78695157ed288dc7c4bc084c6a.jpg,0,0.999
Particles/L2_6ebe8ce2e3b798716dcfcd1f4aa1380c.jpg,Particles/L2_c05d8d36163942ee1ac42459536a066d.jpg,0,0.999
Particles/L2_799193501b0942ab094bbbd43db12a50.jpg,Particles/L2_183f14b7de5062b264ed507c12f2aa4b.jpg,0,0.999
Particles/L2_48501590a25854ef2fd6a63c33d5ba7f.jpg,Particles/L2_885a3f78695157ed288dc7c4bc084c6a.jpg,0,0.999
Particles/L2_df87cd4c2e6d8808f057797549da9bbb.jpg,Particles/L2_a948a582efad7f675d0b53bc9426be33.jpg,0,0.999
Particles/L2_7760b4615ed2689e95c66ca84db6eefa.jpg,Particles/L2_dc6111f85c527c0606bc0267262d230f.jpg,0,0.999
Particles/L2_e7df7a6ba1727f15487f5a79c9828059.jpg,Particles/L2_d63db9df3014732011e7cca9964f3cfb.jpg,0,0.999
Particles/L2_6e978fe60ce94a20fef7d18e4d3163e8.jpg,Particles/L2_65d2bc91d8d51a98a1a8e217f4569731.jpg,0,0.999
Particles/L2_c05d8d36163942ee1ac42459536a066d.jpg,Particles/L2_32d7b650cb4109d98cd245ba1d9f5185.jpg,0,0.999
Particles/L2_514a8e2ef97b718f9833b5c75096270f.jpg,Patterned_surface/L1_097df3006ff390af45ed962adf3ec9c0.jpg,0,0.999
Patterned_surface/L1_3e960c0c721c9cc52b13da5bd921f002.jpg,Patterned_surface/L1_2bdd02e6dd9a359e4182ee7c48f8bec1.jpg,0,0.999
Patterned_surface/L1_e9a589a7a13609fd8aa7d33bc5d2e96f.jpg,Patterned_surface/L1_03df113c9a65c1fe9ca0d0965066b93d.jpg,0,0.999
Patterned_surface/L1_16adc52260477c6009c7723254eeac1e.jpg,Patterned_surface/L1_d85d2a2c2ce55c0f38573048a21784d3.jpg,0,0.999
Patterned_surface/L1_cc402636be2bbaab1c19f13a7becdf72.jpg,Patterned_surface/L1_cb2d7e46b6ee929349bf57146d6c8fbf.jpg,0,0.999
Patterned_surface/L1_bedd8a77cbe3a2f9771f6263f23fb9a1.jpg,Patterned_surface/L1_61f6cbc719307a4a14388e2dd99b49fd.jpg,0,0.999
Patterned_surface/L1_7273140cd90dc4da81f41dc60a87b345.jpg,Patterned_surface/L1_b12d11b6111ba8ba078ab57bea8fe96b.jpg,0,0.999
Patterned_surface/L1_e9cadb6ac683447dc6dba49cea27921f.jpg,Patterned_surface/L1_22f15029975a74dec8a80b34ef8f709f.jpg,0,0.999
Patterned_surface/L1_2e10d074f76a0f48b9e72c3e8f208f22.jpg,Patterned_surface/L1_890d441fb7330ccf391ede185c437feb.jpg,0,0.999
Patterned_surface/L1_7c2af2b3505c8e3e8dc2691d347bfbc3.jpg,Patterned_surface/L1_92eecdf7b4c605a39a75133edfcde7dc.jpg,0,0.999
MEMS_devices_and_electrodes/L8_e7af6a38093854387c86b5b6fdbf2095.jpg,MEMS_devices_and_electrodes/L8_129b9cff9a0b2a4a3f12926d98614375.jpg,0,0.998
MEMS_devices_and_electrodes/L8_1dd0a5db4570162168a77e548f2c868a.jpg,MEMS_devices_and_electrodes/L8_d57b95e598e2149863bdd2b461bece25.jpg,0,0.998
MEMS_devices_and_electrodes/L8_97367d304205cd1c8d85859598fa747f.jpg,MEMS_devices_and_electrodes/L8_a5ea4d8010a7343ff8c7621f9747cbf6.jpg,0,0.998
Nanowires/L6_ff6634d6fb8a95ab26edda7b6970f1c5.jpg,Nanowires/L6_d1ba566e2aee22f3214355b3cd526a8c.jpg,0,0.998
Nanowires/L6_9716f765de918f2b117dc0ac4f21ff65.jpg,Nanowires/L6_95713dcc685c210f19c5ddeabbe6b7ed.jpg,0,0.998
Particles/L2_19063adb6f7fbbb441e616f027480cbc.jpg,Patterned_surface/L1_b12d11b6111ba8ba078ab57bea8fe96b.jpg,0,0.998
Particles/L2_ba2edb8a9f9a652cdcd874f0e554fa90.jpg,Particles/L2_6ebe8ce2e3b798716dcfcd1f4aa1380c.jpg,0,0.998
Particles/L2_ba2edb8a9f9a652cdcd874f0e554fa90.jpg,Particles/L2_c05d8d36163942ee1ac42459536a066d.jpg,0,0.998
Particles/L2_ba2edb8a9f9a652cdcd874f0e554fa90.jpg,Particles/L2_32d7b650cb4109d98cd245ba1d9f5185.jpg,0,0.998
Particles/L2_b57b126caed8c715b9d14f02f0c83586.jpg,Particles/L2_512f309bfbf5457349f62785730e6da9.jpg,0,0.998
Particles/L2_105fda7301108503e7d031f3fbebd5ea.jpg,Particles/L2_601dafc2c616c5202d6c238c86dcd983.jpg,0,0.998
Particles/L2_f858c4621c00829de73e3d5c0b65e847.jpg,Particles/L2_f6ad5e67023ad56c3c8c123cfc3167eb.jpg,0,0.998
Particles/L2_56af5aa7ebd483b9d16009d3a4bf247d.jpg,Particles/L2_7c402ed9509ed196aba0484eabb51bf0.jpg,0,0.998
Particles/L2_6ebe8ce2e3b798716dcfcd1f4aa1380c.jpg,Particles/L2_84df502d90f194504e3ee2f458d32911.jpg,0,0.998
Particles/L2_6e978fe60ce94a20fef7d18e4d3163e8.jpg,Particles/L2_7f83c377215580590acc656fe051a5f1.jpg,0,0.998
Particles/L2_32d7b650cb4109d98cd245ba1d9f5185.jpg,Particles/L2_84df502d90f194504e3ee2f458d32911.jpg,0,0.998
Particles/L2_65d2bc91d8d51a98a1a8e217f4569731.jpg,Particles/L2_7f83c377215580590acc656fe051a5f1.jpg,0,0.998
Particles/L2_95f2cd0eb49b2dd91ec93088237606e1.jpg,Particles/L2_58b882ecd17bb5e5d9a0582ab8682b1f.jpg,0,0.998
Patterned_surface/L1_a7767abbe5d9036e6f24fd1f7eb8f615.jpg,Patterned_surface/L1_c6165587542fa4710a9236e4ac359d1b.jpg,0,0.998
Patterned_surface/L1_3eab7bb93372f87bde4aa6eb01ba8abc.jpg,Patterned_surface/L1_0c345006faad5f04078fd63e5cdf951a.jpg,0,0.998
Porous_Sponge/L0_ca8beba58f6a7ef531d911940f351b32.jpg,Porous_Sponge/L0_cc59dc40bfb2954475b5f65aff32305a.jpg,0,0.998
Biological/L7_3d3d6bd54bb81e7411c4378020db22d8.jpg,Biological/L7_a952b98b386eb21a921f1f4c76ba4624.jpg,0,0.997
Films_Coated_Surface/L3_4ad61203f1f367f138e20ac9cd6589d5.jpg,Particles/L2_e35ff75c8e74ea8d7c8d42ec2b010151.jpg,0,0.997
MEMS_devices_and_electrodes/L8_5188d8809aa8745ff313a21fc57c2308.jpg,MEMS_devices_and_electrodes/L8_ec99e0097f912bc14f892021aadecc4f.jpg,0,0.997
MEMS_devices_and_electrodes/L8_0e96ceec2bc72b479181669ea8aa73f7.jpg,MEMS_devices_and_electrodes/L8_f438e40a5865c9868996707511745280.jpg,0,0.997
Nanowires/L6_c22c421244a714a3dbc94664937a2df8.jpg,Nanowires/L6_15911c27c00555108b8dcbfaac520c20.jpg,0,0.997
Nanowires/L6_4fdab0ddcb91a5773e342370dc55a184.jpg,Nanowires/L6_ddd05098831d81aabd62bf1e81db247e.jpg,0,0.997
Particles/L2_a91463dbc454bd4e19da67de8256f312.jpg,Particles/L2_89414ac12b05eb7b7915224f99444e00.jpg,0,0.997
Particles/L2_a91463dbc454bd4e19da67de8256f312.jpg,Particles/L2_08826aabf7965bd9fdc5bb6d5b3f0fca.jpg,0,0.997
Particles/L2_b2dbd0816a732c37f8e0c8c085c3da8c.jpg,Particles/L2_558afde6d0ddc985f6e3dcbcaf20380b.jpg,0,0.997
Particles/L2_de53da736e9ab794b3c998f17b09c3d0.jpg,Particles/L2_d863d69e93a1f7420ffe60452faf7580.jpg,0,0.997
Particles/L2_c05d8d36163942ee1ac42459536a066d.jpg,Particles/L2_84df502d90f194504e3ee2f458d32911.jpg,0,0.997
Particles/L2_89414ac12b05eb7b7915224f99444e00.jpg,Particles/L2_08826aabf7965bd9fdc5bb6d5b3f0fca.jpg,0,0.997
Patterned_surface/L1_c654dc4b81b994cccca2a66a74f24e13.jpg,Patterned_surface/L1_b0d78bff3fc793d6e990fd02fdab8074.jpg,0,0.997
Patterned_surface/L1_e3db2c075f7580340babe66f400eab98.jpg,Patterned_surface/L1_a8227e50271272f92d69fe4f0daf405e.jpg,0,0.997
MEMS_devices_and_electrodes/L8_79e1738bcf954d936305ff88ae3de698.jpg,MEMS_devices_and_electrodes/L8_3c39047c215e192232522e475afb9e7b.jpg,0,0.996
Nanowires/L6_67d0d8f5528778711f84c8177d1da04d.jpg,Nanowires/L6_6d5cbf9324a8f2cf259b24f712ae41f3.jpg,0,0.996
Particles/L2_dae99d5241bd4c177ce1d078ccb0dad7.jpg,Patterned_surface/L1_5021643b38cdd1295977413fcb253aeb.jpg,0,0.996
Particles/L2_ba2edb8a9f9a652cdcd874f0e554fa90.jpg,Particles/L2_84df502d90f194504e3ee2f458d32911.jpg,0,0.996
Particles/L2_d9d7166533b6979b2fcbe53c4afd47ff.jpg,Particles/L2_514a8e2ef97b718f9833b5c75096270f.jpg,0,0.996
Particles/L2_713c85c1e09e57f127890517d60f94bc.jpg,Particles/L2_cfbbbba178d0b7d9b45a552ec5b97a60.jpg,0,0.996
Particles/L2_4f87bb2b38dccf6afe3e4601ba78c080.jpg,Particles/L2_7edadea8b0199e42b62843ce7f2dc3c0.jpg,0,0.996
Patterned_surface/L1_5e2a61ab85efac1b0425d065a7f3795f.jpg,Patterned_surface/L1_f6d44fefc02e816516edc79d441a9781.jpg,0,0.996
Patterned_surface/L1_e83fca882b0af1882b02df4155ede339.jpg,Patterned_surface/L1_c17b9b37bab84b6606ec4bb20ca6253b.jpg,0,0.996
Patterned_surface/L1_05ea21fbd70522758c58e957b56243b1.jpg,Patterned_surface/L1_c2e6baf8ca693887750c2cfee41cb831.jpg,0,0.996
Films_Coated_Surface/L3_f4ff10cd0373bb873d02ac5e24ef0c2e.jpg,Films_Coated_Surface/L3_ed7409b9ab4b6c78a57925bea608596d.jpg,0,0.995
MEMS_devices_and_electrodes/L8_401610698a62b3263f12af5a3e48d116.jpg,MEMS_devices_and_electrodes/L8_8b5d4ed7773648a3b7bc83d4c6a9e011.jpg,0,0.995
Nanowires/L6_99833cc129ad50908b02b703b04cdf29.jpg,Nanowires/L6_09f44e4794fc35e8d1445794eaec172c.jpg,0,0.995
Particles/L2_8c3e9246ce2d949c83ffb115e772e2fb.jpg,Particles/L2_b2dbd0816a732c37f8e0c8c085c3da8c.jpg,0,0.995
Particles/L2_d9d7166533b6979b2fcbe53c4afd47ff.jpg,Patterned_surface/L1_097df3006ff390af45ed962adf3ec9c0.jpg,0,0.995
Patterned_surface/L1_9c80afea250960bcb6353e4c15eaa9d5.jpg,Patterned_surface/L1_0aceacb0b3bbb83e38dd3f314b5b61b8.jpg,0,0.995
Patterned_surface/L1_097df3006ff390af45ed962adf3ec9c0.jpg,Patterned_surface/L1_2faa27fc795072c0fa487c1a4228258e.jpg,0,0.995
Powder/L4_5b7d817b236071242cefd90a1c67052f.jpg,Powder/L4_a63c82038a6a8446ca6ae305d1d59993.jpg,0,0.995
MEMS_devices_and_electrodes/L8_86cd2d14a476434d5ae2a31b9af8c3ca.jpg,MEMS_devices_and_electrodes/L8_fbcb10d6acf807167a0c4f1d738c26ee.jpg,0,0.994
MEMS_devices_and_electrodes/L8_64e34ff14b091d298baf3f214b7c587b.jpg,MEMS_devices_and_electrodes/L8_86211bec5d3d201cea0fea9110bfbca1.jpg,0,0.994
Particles/L2_8c3e9246ce2d949c83ffb115e772e2fb.jpg,Particles/L2_558afde6d0ddc985f6e3dcbcaf20380b.jpg,0,0.994
Particles/L2_514a8e2ef97b718f9833b5c75096270f.jpg,Patterned_surface/L1_2faa27fc795072c0fa487c1a4228258e.jpg,0,0.994
Patterned_surface/L1_12a3fcc1f9c6007dfd333a6181b3658a.jpg,Patterned_surface/L1_b1f39679856be3d73ee5c6260b7e3b29.jpg,0,0.994
Films_Coated_Surface/L3_6cb7f217ba5e767838b29d1726703a99.jpg,Films_Coated_Surface/L3_b62aa2111b3b41d3bef4b771b82094be.jpg,0,0.993
Particles/L2_bc176fad029e42be3c0ec59b8d2acc27.jpg,Patterned_surface/L1_faaea346e26b3854a2f1059f2416d42f.jpg,0,0.993
Particles/L2_46791b87b794da755b42eb8505ebc5e7.jpg,Patterned_surface/L1_16a49ba24ad49a3c355e4883cef104ca.jpg,0,0.993
Particles/L2_80fe6d48d097eca2201d53f46d9b3230.jpg,Particles/L2_c72ea62f4a64dce8e02691bb6f2e74b7.jpg,0,0.993
Particles/L2_d63db9df3014732011e7cca9964f3cfb.jpg,Patterned_surface/L1_4cd72ecda50948f6e173bccf7b272cd3.jpg,0,0.993
Particles/L2_e175aaa8b20ebc350d2f22af7a0435f9.jpg,Patterned_surface/L1_4cd72ecda50948f6e173bccf7b272cd3.jpg,0,0.993
Particles/L2_83138c0b7bd054c362bf85a9174d7883.jpg,Patterned_surface/L1_bde34242a76037599dd403d1f6ea41e7.jpg,0,0.993
Particles/L2_2649737a24eb20af6710db8ec5ca2621.jpg,Patterned_surface/L1_4cd72ecda50948f6e173bccf7b272cd3.jpg,0,0.993
Patterned_surface/L1_8a4460dae68117b4dceda8bf94e9276d.jpg,Patterned_surface/L1_0aceacb0b3bbb83e38dd3f314b5b61b8.jpg,0,0.993
Porous_Sponge/L0_bee33ac22449533472917078ad495f4a.jpg,Porous_Sponge/L0_a7c79a822fc5f72396daa9f523426b81.jpg,0,0.993
Films_Coated_Surface/L3_f4ff10cd0373bb873d02ac5e24ef0c2e.jpg,Films_Coated_Surface/L3_d8ec6073a79dce4a76ef52ca246960b9.jpg,0,0.992
Films_Coated_Surface/L3_d8ec6073a79dce4a76ef52ca246960b9.jpg,Films_Coated_Surface/L3_ed7409b9ab4b6c78a57925bea608596d.jpg,0,0.992
Films_Coated_Surface/L3_f644c6b6e02e71bfd0ba961731c4991d.jpg,Particles/L2_515c3edef47188d0f5e52ba5e0031920.jpg,0,0.992
Particles/L2_fe44f82d843dc0369adbb0d43922299b.jpg,Particles/L2_6c6460395d9e9c81b51ef9aee6b9d965.jpg,0,0.992
Particles/L2_0548c26081aab812b62045e72d931645.jpg,Patterned_surface/L1_f1d6b006aab95e5553f3e5c3544525f1.jpg,0,0.992
Particles/L2_230561ba5c26288f6b8d8c0baf56900d.jpg,Particles/L2_c443f63e8785e17a22ab338a5a62bdfd.jpg,0,0.992
Patterned_surface/L1_7da55738788963ba8f9118ad6d1c7899.jpg,Patterned_surface/L1_f93e6e5b5de88db649f0be77a4cfc490.jpg,0,0.992
MEMS_devices_and_electrodes/L8_402487f046952656cec65e7035a24277.jpg,MEMS_devices_and_electrodes/L8_24e10a9aaf4e645e0729bf52c1109ca7.jpg,0,0.991
MEMS_devices_and_electrodes/L8_0e1b366105e5b31cd0ddcf093dd4f795.jpg,MEMS_devices_and_electrodes/L8_4b3678f058ef1ccf5aabfdc0dcf3c389.jpg,0,0.991
Particles/L2_a887e721869e76ef603f6e2863247c00.jpg,Patterned_surface/L1_077418f8e0bda12aee970faaf1cb5a26.jpg,0,0.991
Particles/L2_d0c471a10b2801c742396882d8a8c658.jpg,Patterned_surface/L1_5cd660a83f0bb3ad337f44434b3cecf9.jpg,0,0.991
Particles/L2_b0432e3e9067103dbe03cc431e9cb6a8.jpg,Particles/L2_1abe119347adfd1278f7e87b678f2106.jpg,0,0.991
Patterned_surface/L1_1c0196767ea73eaf8b78e32889849b17.jpg,Patterned_surface/L1_ec716da4bb43b7cfffa6fa5d9fbcc20d.jpg,0,0.991
Films_Coated_Surface/L3_deb51c4f2bcd21b20bf48c8d9f2464c7.jpg,Films_Coated_Surface/L3_2e64cc765578227c508ff64afb3f410f.jpg,0,0.99
MEMS_devices_and_electrodes/L8_e06d8e90525fcaad6a1d7e2dfc6e5bb6.jpg,MEMS_devices_and_electrodes/L8_a1c25661c2e2a6b0ea5bd8e8af74de57.jpg,0,0.99
Particles/L2_e7df7a6ba1727f15487f5a79c9828059.jpg,Patterned_surface/L1_4cd72ecda50948f6e173bccf7b272cd3.jpg,0,0.99
Particles/L2_12d454f9703bb6c5ed92d11657705865.jpg,Patterned_surface/L1_21ee172be2a0c4340f06d9383bee7af8.jpg,0,0.99
Patterned_surface/L1_24dcbe1eeb16430f9de2e29c9985c13a.jpg,Patterned_surface/L1_90614f6f9f6b26a1bbde525c11f2516e.jpg,0,0.99
Tips/L5_29c42b7df65c1b1691050fb1cb8d290c.jpg,Tips/L5_296f55db410cf43e3b5901aae5eecafb.jpg,0,0.99
Tips/L5_b3db42bb71896838633790764de72928.jpg,Tips/L5_296f55db410cf43e3b5901aae5eecafb.jpg,0,0.99
MEMS_devices_and_electrodes/L8_211707d7fcc602aa85659f558fc01f3d.jpg,MEMS_devices_and_electrodes/L8_0f3698fb493eb3755d3337c70af720be.jpg,0,0.989
Particles/L2_b8d776b95afb785b037e880e47ed5639.jpg,Particles/L2_761e1f1683af7d97f1a23d18270aa4b3.jpg,0,0.989
Particles/L2_fba4f2541e31e318b8ddad3b15f69c4c.jpg,Particles/L2_c4135d39e5415093b39c6c56bd1e8d07.jpg,0,0.989
Particles/L2_d63db9df3014732011e7cca9964f3cfb.jpg,Particles/L2_e175aaa8b20ebc350d2f22af7a0435f9.jpg,0,0.989
Particles/L2_d63db9df3014732011e7cca9964f3cfb.jpg,Particles/L2_2649737a24eb20af6710db8ec5ca2621.jpg,0,0.989
Particles/L2_61a0e76a787c8d01a2b0e9c68642e7c6.jpg,Particles/L2_139be8f73719e6549cd42664cefd9c8e.jpg,0,0.989
Patterned_surface/L1_8a4460dae68117b4dceda8bf94e9276d.jpg,Patterned_surface/L1_9c80afea250960bcb6353e4c15eaa9d5.jpg,0,0.989
Films_Coated_Surface/L3_d8ec6073a79dce4a76ef52ca246960b9.jpg,Particles/L2_e35ff75c8e74ea8d7c8d42ec2b010151.jpg,0,0.988
MEMS_devices_and_electrodes/L8_e7af6a38093854387c86b5b6fdbf2095.jpg,MEMS_devices_and_electrodes/L8_e9df0dc58d883053ac83c2228ac344cb.jpg,0,0.988
MEMS_devices_and_electrodes/L8_e9df0dc58d883053ac83c2228ac344cb.jpg,MEMS_devices_and_electrodes/L8_129b9cff9a0b2a4a3f12926d98614375.jpg,0,0.988
Particles/L2_e175aaa8b20ebc350d2f22af7a0435f9.jpg,Particles/L2_2649737a24eb20af6710db8ec5ca2621.jpg,0,0.988
Particles/L2_c893104df418861b79f70128eca8e88b.jpg,Particles/L2_ae140a7df6cc0e3a62ff92a710e92e14.jpg,0,0.988
Patterned_surface/L1_c09dfdf26209cab32e70bb82418ba882.jpg,Patterned_surface/L1_3752e72197e8c20afcf0864cb4a034e9.jpg,0,0.988
Patterned_surface/L1_faaea346e26b3854a2f1059f2416d42f.jpg,Patterned_surface/L1_4a5114f072a34eeaa9802e61be61d908.jpg,0,0.988
Films_Coated_Surface/L3_c834df1f678164556515f5ade3f736c3.jpg,Films_Coated_Surface/L3_68a07fc5a80fbc1f7c6b1ee1f0063001.jpg,0,0.987
Films_Coated_Surface/L3_4ad61203f1f367f138e20ac9cd6589d5.jpg,Films_Coated_Surface/L3_d8ec6073a79dce4a76ef52ca246960b9.jpg,0,0.987
Films_Coated_Surface/L3_25aa64b63fb5e1c17ad39a105174a063.jpg,Patterned_surface/L1_8b4021416ca0c51a9dba7ba9f22e255e.jpg,0,0.987
MEMS_devices_and_electrodes/L8_0f0754357c27a3d6c67c4402dc6a4faa.jpg,MEMS_devices_and_electrodes/L8_32b3d68890c491f85712361d033b7fe7.jpg,0,0.987
Particles/L2_d9d7166533b6979b2fcbe53c4afd47ff.jpg,Patterned_surface/L1_2faa27fc795072c0fa487c1a4228258e.jpg,0,0.987
Particles/L2_bc176fad029e42be3c0ec59b8d2acc27.jpg,Patterned_surface/L1_c4b1d9a632cd13b0445c248b44b239b1.jpg,0,0.987
Particles/L2_bc176fad029e42be3c0ec59b8d2acc27.jpg,Patterned_surface/L1_4a5114f072a34eeaa9802e61be61d908.jpg,0,0.987
Particles/L2_e7df7a6ba1727f15487f5a79c9828059.jpg,Particles/L2_e175aaa8b20ebc350d2f22af7a0435f9.jpg,0,0.987
Particles/L2_e7df7a6ba1727f15487f5a79c9828059.jpg,Particles/L2_2649737a24eb20af6710db8ec5ca2621.jpg,0,0.987
Particles/L2_f57990cb45c3b9be5eeadb02db7286c3.jpg,Particles/L2_1ec137e278e5c4c225726e9ec3bce857.jpg,0,0.987
Films_Coated_Surface/L3_4ad61203f1f367f138e20ac9cd6589d5.jpg,Films_Coated_Surface/L3_f4ff10cd0373bb873d02ac5e24ef0c2e.jpg,0,0.986
MEMS_devices_and_electrodes/L8_c94350c448851ad8923f24925639f76e.jpg,MEMS_devices_and_electrodes/L8_64e34ff14b091d298baf3f214b7c587b.jpg,0,0.986
Particles/L2_d63db9df3014732011e7cca9964f3cfb.jpg,Patterned_surface/L1_ea6b2edac164071a82de7159a65e2ca8.jpg,0,0.986
Patterned_surface/L1_8a4460dae68117b4dceda8bf94e9276d.jpg,Patterned_surface/L1_6c91f522638a82c46b83a0bf630bf3d1.jpg,0,0.986
Patterned_surface/L1_24d80e3569f9d8ec3d0d5d17927b2a00.jpg,Patterned_surface/L1_5cd660a83f0bb3ad337f44434b3cecf9.jpg,0,0.986
Patterned_surface/L1_0aceacb0b3bbb83e38dd3f314b5b61b8.jpg,Patterned_surface/L1_6c91f522638a82c46b83a0bf630bf3d1.jpg,0,0.986
Films_Coated_Surface/L3_4ad61203f1f367f138e20ac9cd6589d5.jpg,Films_Coated_Surface/L3_ed7409b9ab4b6c78a57925bea608596d.jpg,0,0.985
Films_Coated_Surface/L3_f4ff10cd0373bb873d02ac5e24ef0c2e.jpg,Particles/L2_e35ff75c8e74ea8d7c8d42ec2b010151.jpg,0,0.985
Films_Coated_Surface/L3_eb90aa6963ecbf26e8f5aab8383627a0.jpg,Films_Coated_Surface/L3_53a54542d5b5ec15c9ff0fef5137ad11.jpg,0,0.985
Films_Coated_Surface/L3_ed7409b9ab4b6c78a57925bea608596d.jpg,Particles/L2_e35ff75c8e74ea8d7c8d42ec2b010151.jpg,0,0.985
MEMS_devices_and_electrodes/L8_211707d7fcc602aa85659f558fc01f3d.jpg,MEMS_devices_and_electrodes/L8_de4e8d623f577b4d9d0b7e60eac6faab.jpg,0,0.985
Nanowires/L6_d0a2c6ec4f6bb1a3a40bf24abe496baf.jpg,Patterned_surface/L1_4fda5c740bc1bf4a4154ea4d6345c66a.jpg,0,0.985
Particles/L2_d0c471a10b2801c742396882d8a8c658.jpg,Patterned_surface/L1_24d80e3569f9d8ec3d0d5d17927b2a00.jpg,0,0.985
Patterned_surface/L1_c4b1d9a632cd13b0445c248b44b239b1.jpg,Patterned_surface/L1_faaea346e26b3854a2f1059f2416d42f.jpg,0,0.985
MEMS_devices_and_electrodes/L8_5d0fcb2b3b4b91f23c6988a1e5b18961.jpg,MEMS_devices_and_electrodes/L8_6a8cd9802e185eafa53ca7768d763ea6.jpg,0,0.984
Particles/L2_ad3451ccd8d14a34f8bda1249de30c68.jpg,Particles/L2_92c39a8afbf90d2fe40d2c6ddbc19660.jpg,0,0.984
Particles/L2_e7df7a6ba1727f15487f5a79c9828059.jpg,Patterned_surface/L1_ea6b2edac164071a82de7159a65e2ca8.jpg,0,0.984
Patterned_surface/L1_9c80afea250960bcb6353e4c15eaa9d5.jpg,Patterned_surface/L1_6c91f522638a82c46b83a0bf630bf3d1.jpg,0,0.984
MEMS_devices_and_electrodes/L8_f0cb41aeff282cae8a271b032f1d2366.jpg,MEMS_devices_and_electrodes/L8_9ee9fbf9a8d4a74e51c45526f7a96abb.jpg,0,0.983
Patterned_surface/L1_4cd72ecda50948f6e173bccf7b272cd3.jpg,Patterned_surface/L1_ea6b2edac164071a82de7159a65e2ca8.jpg,0,0.983
MEMS_devices_and_electrodes/L8_f1e04a917e495b2d2dcc58d2591cc0f9.jpg,MEMS_devices_and_electrodes/L8_abf62a20dab55ea9c9b09615cb2502df.jpg,0,0.982
MEMS_devices_and_electrodes/L8_b6cfd1edf121d2eae9228dc52314a6bc.jpg,MEMS_devices_and_electrodes/L8_551e6fba3afe7c0a57ff416d7c0915f1.jpg,0,0.981
MEMS_devices_and_electrodes/L8_3fc20879b4c6e1f2fe665bc963c9efdd.jpg,MEMS_devices_and_electrodes/L8_fd190fc72b890b6dc046ff9fd0a3b2c3.jpg,0,0.981
Nanowires/L6_64c6ff5213af1aadb98629b666be0bf6.jpg,Nanowires/L6_23b42166d62502a0d2fdc4595f5fead9.jpg,0,0.981
Particles/L2_a4c21b44c88d224109b3dcf8f382255b.jpg,Patterned_surface/L1_cc6322578d2e094ec4528f27059d772a.jpg,0,0.981
MEMS_devices_and_electrodes/L8_a8bfcd532dc7afe70f6d613f323f7d42.jpg,MEMS_devices_and_electrodes/L8_b1faf04fb16223279768a9a776176576.jpg,0,0.98
MEMS_devices_and_electrodes/L8_d4c0db92779fd1f5151372b45e2e5cc0.jpg,MEMS_devices_and_electrodes/L8_220e2da8368bb57c95d0872266611544.jpg,0,0.98
Particles/L2_2822ca703fdf117e9c68558e8eedcdc0.jpg,Patterned_surface/L1_62f5aaa575276a4bf4756932043bd9de.jpg,0,0.98
Patterned_surface/L1_d5d7145c5d8273a0a93b616ab1ee4e48.jpg,Patterned_surface/L1_41abf72f95eef7457c42ca53eb14a46e.jpg,0,0.98
Patterned_surface/L1_d5d7145c5d8273a0a93b616ab1ee4e48.jpg,Patterned_surface/L1_a6bd7bb2344a2df62bacccb1db37d234.jpg,0,0.98
MEMS_devices_and_electrodes/L8_8241dabb39063597038a592ee3aa9f1c.jpg,MEMS_devices_and_electrodes/L8_7cbdf0ec777e59edeabdd33b21f8ae6e.jpg,0,0.979
MEMS_devices_and_electrodes/L8_96b387f9a3620b92beeeaed139b6320a.jpg,MEMS_devices_and_electrodes/L8_7bce994219f8780ecdd75ed0140d1535.jpg,0,0.979
MEMS_devices_and_electrodes/L8_de4e8d623f577b4d9d0b7e60eac6faab.jpg,MEMS_devices_and_electrodes/L8_0f3698fb493eb3755d3337c70af720be.jpg,0,0.979
Particles/L2_7c9fd028c21a4b367596dbe38039f31a.jpg,Patterned_surface/L1_40c68641cb5c73b1e3ca224dcd043881.jpg,0,0.979
Particles/L2_e175aaa8b20ebc350d2f22af7a0435f9.jpg,Patterned_surface/L1_ea6b2edac164071a82de7159a65e2ca8.jpg,0,0.979
Particles/L2_a4c21b44c88d224109b3dcf8f382255b.jpg,Patterned_surface/L1_4affd42f7de9fa6e4d1ff1be3ede757f.jpg,0,0.979
Particles/L2_2649737a24eb20af6710db8ec5ca2621.jpg,Patterned_surface/L1_ea6b2edac164071a82de7159a65e2ca8.jpg,0,0.979
Patterned_surface/L1_0df01378473d4629579e6efc2dc3d4e5.jpg,Patterned_surface/L1_bde34242a76037599dd403d1f6ea41e7.jpg,0,0.979
Films_Coated_Surface/L3_417f4c13c161d19b081fadc09bcb0409.jpg,Films_Coated_Surface/L3_53a54542d5b5ec15c9ff0fef5137ad11.jpg,0,0.978
MEMS_devices_and_electrodes/L8_532b2157ae2e5acf1442a9b8fe4840ca.jpg,MEMS_devices_and_electrodes/L8_d90241bae8e9e9dfd9422f012d538426.jpg,0,0.978
Nanowires/L6_2bbf62c44c1175d8eb9264e02a28250c.jpg,Nanowires/L6_b2337d0f3c86376762c5b6815466a80d.jpg,0,0.978
Particles/L2_b38e3c0291f76cc65a2aec24cc53aabf.jpg,Patterned_surface/L1_18718387c125440cdc3ab47e57f4b086.jpg,0,0.978
Particles/L2_a7a2465af06bc8dcde488732181aa460.jpg,Particles/L2_84ba8e890de20cff1d9d3327a06226d8.jpg,0,0.978
Particles/L2_29e1a7ad610ccd0c17ee61e045ea93da.jpg,Patterned_surface/L1_18718387c125440cdc3ab47e57f4b086.jpg,0,0.978
Patterned_surface/L1_dee38c964aaef0ddfc5e416d8eb8c15c.jpg,Patterned_surface/L1_9b45bf2985478ac5bd0f70425cb2a550.jpg,0,0.977
Patterned_surface/L1_b29e3aca2f6afb22e32953e6bf21dbe8.jpg,Patterned_surface/L1_82855acbfa9bdcfa60e04c6d52f4c704.jpg,0,0.977
Patterned_surface/L1_c4b1d9a632cd13b0445c248b44b239b1.jpg,Patterned_surface/L1_4a5114f072a34eeaa9802e61be61d908.jpg,0,0.976
Patterned_surface/L1_08d24d4bf16734c22dd718297b8b5119.jpg,Patterned_surface/L1_097df3006ff390af45ed962adf3ec9c0.jpg,0,0.976
MEMS_devices_and_electrodes/L8_b897508a7b937a324e35572d7669ba98.jpg,MEMS_devices_and_electrodes/L8_b5b5c9338eb789981fc77cefd013d970.jpg,0,0.975
Particles/L2_3621ef72e903b93fb15eec71525f2cbe.jpg,Particles/L2_3faaf6a4e0cb3f0f153d2187d35f845b.jpg,0,0.975
Particles/L2_83138c0b7bd054c362bf85a9174d7883.jpg,Patterned_surface/L1_0df01378473d4629579e6efc2dc3d4e5.jpg,0,0.975
Patterned_surface/L1_1e75740b05336bffa922ea1f0a1a59ee.jpg,Patterned_surface/L1_864b224df74f92d3687e967bcf4f30c5.jpg,0,0.975
MEMS_devices_and_electrodes/L8_319899a9049b0c1b5ae0a2dbe3706ddb.jpg,MEMS_devices_and_electrodes/L8_5a5fe4d5442ea0edbbc27132062c18de.jpg,0,0.974
Particles/L2_514a8e2ef97b718f9833b5c75096270f.jpg,Patterned_surface/L1_08d24d4bf16734c22dd718297b8b5119.jpg,0,0.974
MEMS_devices_and_electrodes/L8_718a2d7c5c2ba7cf5beb18f7a0dbf851.jpg,MEMS_devices_and_electrodes/L8_f8f6202440bb294e6b8f5a08b1e36630.jpg,0,0.972
Patterned_surface/L1_08d24d4bf16734c22dd718297b8b5119.jpg,Patterned_surface/L1_2faa27fc795072c0fa487c1a4228258e.jpg,0,0.972
Tips/L5_c5282a8ca3fe711b6053cfc80462ce2f.jpg,Tips/L5_64883cfa037264db880eea34a9b5dd1c.jpg,0,0.972
MEMS_devices_and_electrodes/L8_390836de50ec8cd7d5fbc47c44711e9f.jpg,MEMS_devices_and_electrodes/L8_2e0e3502804373052bf78acf23a86d4e.jpg,0,0.971
MEMS_devices_and_electrodes/L8_ded91819ac9a2d7e4cb1a965d907f2e9.jpg,MEMS_devices_and_electrodes/L8_08964eb95e481993d76b4778793f85a1.jpg,0,0.971
MEMS_devices_and_electrodes/L8_07d9cb7cd01aff3ad0a5591aeabce52e.jpg,MEMS_devices_and_electrodes/L8_e2a235156aa271cf7853da4a3ac77128.jpg,0,0.971
Patterned_surface/L1_4affd42f7de9fa6e4d1ff1be3ede757f.jpg,Patterned_surface/L1_cc6322578d2e094ec4528f27059d772a.jpg,0,0.971
Nanowires/L6_8de21ab5201ce809608937f9b86835fc.jpg,Nanowires/L6_0df57388dc100a35a9d44f45a082f50d.jpg,0,0.97
Particles/L2_cc8a7b8d3920aed9de0f56a59f2a77cb.jpg,Particles/L2_930aa52a4dc7fa17c084a1d76506623b.jpg,0,0.969
Particles/L2_2fb6d4fa0bd53aafb032bdee34c399c1.jpg,Particles/L2_4478ca6b274a4c8e45b3a16fbfd5d314.jpg,0,0.969
MEMS_devices_and_electrodes/L8_c94350c448851ad8923f24925639f76e.jpg,MEMS_devices_and_electrodes/L8_86211bec5d3d201cea0fea9110bfbca1.jpg,0,0.968
Particles/L2_d9d7166533b6979b2fcbe53c4afd47ff.jpg,Patterned_surface/L1_08d24d4bf16734c22dd718297b8b5119.jpg,0,0.968
Nanowires/L6_9cc58e9af0b7a3866b1635b89fac34fb.jpg,Nanowires/L6_7fc6ed2db586373162d251d0c5efed2e.jpg,0,0.967
Patterned_surface/L1_ce053f5cd5c85ab9c1f46d1691076357.jpg,Patterned_surface/L1_1b02d5b147aa88ddaf5b616697f30c5b.jpg,0,0.965
MEMS_devices_and_electrodes/L8_51a40e674786bd0a549aed652ded2094.jpg,MEMS_devices_and_electrodes/L8_83289bdc609e8413a376c014ef82a871.jpg,0,0.964
MEMS_devices_and_electrodes/L8_86cd2d14a476434d5ae2a31b9af8c3ca.jpg,MEMS_devices_and_electrodes/L8_90f6763da9e9e777bb51f4fd00f3ce26.jpg,0,0.964
MEMS_devices_and_electrodes/L8_fbcb10d6acf807167a0c4f1d738c26ee.jpg,MEMS_devices_and_electrodes/L8_90f6763da9e9e777bb51f4fd00f3ce26.jpg,0,0.963
MEMS_devices_and_electrodes/L8_96b387f9a3620b92beeeaed139b6320a.jpg,MEMS_devices_and_electrodes/L8_718a2d7c5c2ba7cf5beb18f7a0dbf851.jpg,0,0.962
MEMS_devices_and_electrodes/L8_56ace45d3691022770ba5ed9fea90337.jpg,MEMS_devices_and_electrodes/L8_4de3fdba24d2c8da832af7d50e0335a6.jpg,0,0.962
MEMS_devices_and_electrodes/L8_f9d890325fd0542f6efcda508bbfc876.jpg,MEMS_devices_and_electrodes/L8_41c897ef94b8bccee01c0399cb590dbc.jpg,0,0.962
Patterned_surface/L1_0863aa5fa6396d4cc6072fc6011e8225.jpg,Patterned_surface/L1_2cbfa8411fd7b19939202ebbb34414e7.jpg,0,0.957
Particles/L2_6116f64e36ad908bde51faaa794d1ffe.jpg,Patterned_surface/L1_bfe3471f2591015bc8169435882c601c.jpg,0,0.956
Films_Coated_Surface/L3_eb90aa6963ecbf26e8f5aab8383627a0.jpg,Films_Coated_Surface/L3_417f4c13c161d19b081fadc09bcb0409.jpg,0,0.954
MEMS_devices_and_electrodes/L8_59968bbc08d6c9e109d18a97c23dce64.jpg,MEMS_devices_and_electrodes/L8_644ac6a4f0d1e88a13a6ae8344593aeb.jpg,0,0.953
Nanowires/L6_2db898581a6a1060326298f183b03ee2.jpg,Nanowires/L6_e2489943dbde06a9646a614814e069c8.jpg,0,0.953
Particles/L2_e35ff75c8e74ea8d7c8d42ec2b010151.jpg,Patterned_surface/L1_41abf72f95eef7457c42ca53eb14a46e.jpg,0,0.953
Particles/L2_e35ff75c8e74ea8d7c8d42ec2b010151.jpg,Patterned_surface/L1_a6bd7bb2344a2df62bacccb1db37d234.jpg,0,0.953
Films_Coated_Surface/L3_4ad61203f1f367f138e20ac9cd6589d5.jpg,Patterned_surface/L1_41abf72f95eef7457c42ca53eb14a46e.jpg,0,0.952
Films_Coated_Surface/L3_4ad61203f1f367f138e20ac9cd6589d5.jpg,Patterned_surface/L1_a6bd7bb2344a2df62bacccb1db37d234.jpg,0,0.952
Films_Coated_Surface/L3_f4ff10cd0373bb873d02ac5e24ef0c2e.jpg,Patterned_surface/L1_41abf72f95eef7457c42ca53eb14a46e.jpg,0,0.952
Films_Coated_Surface/L3_f4ff10cd0373bb873d02ac5e24ef0c2e.jpg,Patterned_surface/L1_a6bd7bb2344a2df62bacccb1db37d234.jpg,0,0.952
MEMS_devices_and_electrodes/L8_b95046ebf6d21ba94483e5c12737e99e.jpg,MEMS_devices_and_electrodes/L8_d8a276436ae052df9b7f9a904bfd964e.jpg,0,0.951
Particles/L2_6ebe8ce2e3b798716dcfcd1f4aa1380c.jpg,Particles/L2_36664f0e2505edb5f5845816bba39111.jpg,0,0.951
Particles/L2_32d7b650cb4109d98cd245ba1d9f5185.jpg,Particles/L2_36664f0e2505edb5f5845816bba39111.jpg,0,0.951
Films_Coated_Surface/L3_d8ec6073a79dce4a76ef52ca246960b9.jpg,Patterned_surface/L1_41abf72f95eef7457c42ca53eb14a46e.jpg,0,0.95
Films_Coated_Surface/L3_d8ec6073a79dce4a76ef52ca246960b9.jpg,Patterned_surface/L1_a6bd7bb2344a2df62bacccb1db37d234.jpg,0,0.95
Films_Coated_Surface/L3_36382ba0124675bf0816088ba560fdbf.jpg,Films_Coated_Surface/L3_6cb7f217ba5e767838b29d1726703a99.jpg,2,1.0
MEMS_devices_and_electrodes/L8_d143fa5904ff2471a4a700b6e5e83c30.jpg,MEMS_devices_and_electrodes/L8_48b650993cbd3199168bc60c8c24d7f4.jpg,2,1.0
MEMS_devices_and_electrodes/L8_d988dbd412b40a0f3ca75e01f2d1b889.jpg,MEMS_devices_and_electrodes/L8_1f07647b24f3d4b27cdad2a580b6a0f1.jpg,2,1.0
MEMS_devices_and_electrodes/L8_d988dbd412b40a0f3ca75e01f2d1b889.jpg,MEMS_devices_and_electrodes/L8_a6cbb693562873062dca76451d7e137d.jpg,2,1.0
MEMS_devices_and_electrodes/L8_1858f68657dbe795eeb3f4e39e6a4242.jpg,MEMS_devices_and_electrodes/L8_70298b5c72f5c03da34bc34494ea1226.jpg,2,1.0
MEMS_devices_and_electrodes/L8_8529726d77c3f18c90da4afbad824ed5.jpg,MEMS_devices_and_electrodes/L8_0e97ae2b7a27550c225408193b8dfa64.jpg,2,1.0
MEMS_devices_and_electrodes/L8_3076ee425fccdb2e56123fa95a5b2e34.jpg,MEMS_devices_and_electrodes/L8_27b187e4680b7fdf3e9ec6ab7e82c564.jpg,2,1.0
MEMS_devices_and_electrodes/L8_25fdd1c1c21eb9ff7f8febc0d0ff5d0b.jpg,MEMS_devices_and_electrodes/L8_0d48cca188031034d4b3505e35c904f3.jpg,2,1.0
MEMS_devices_and_electrodes/L8_68cd99642fefbc1d748b3319fc4b6b2e.jpg,MEMS_devices_and_electrodes/L8_0f4075e8b8df750cde63c02f60b8f3fa.jpg,2,1.0
MEMS_devices_and_electrodes/L8_4ca996abee3bbbb5b8636efa8d1a6c54.jpg,MEMS_devices_and_electrodes/L8_91224cd9eeffcd849a4f42e6d669306e.jpg,2,1.0
MEMS_devices_and_electrodes/L8_66efc909a9561253d11ec2f062361499.jpg,MEMS_devices_and_electrodes/L8_1163251be48272dbfb7bbb90cf5073c6.jpg,2,1.0
MEMS_devices_and_electrodes/L8_139a10e2abe02b3edc597537f170a022.jpg,MEMS_devices_and_electrodes/L8_d45fa6684a13b8a8bb989f7f6e77f933.jpg,2,1.0
Nanowires/L6_373f302b732a955614378bb2ca6eda48.jpg,Nanowires/L6_cb15653f6cd33a417a0846b30278713d.jpg,2,1.0
Nanowires/L6_785853a8ca278e6caf3600a227a79e21.jpg,Nanowires/L6_1015bbf738915f79bbff23595dd11af4.jpg,2,1.0
Nanowires/L6_eb7b7a4235d2ec1c6a143a841b378b96.jpg,Nanowires/L6_299e09bea4f336617473795bae45bad3.jpg,2,1.0
Nanowires/L6_e739b168f63c9af594333fd745d374fe.jpg,Nanowires/L6_e174c29dde4a6adff0c03c0ae99834a2.jpg,2,1.0
Nanowires/L6_2b77ed4c6b754235fce1dbd69d228ead.jpg,Nanowires/L6_6a3593403406bb13d4e59a8378e5ad56.jpg,2,1.0
Nanowires/L6_f8ef1026220f42794324233950fb62dd.jpg,Nanowires/L6_e7be7461b8926e08d968a1380af7db4f.jpg,2,1.0
Nanowires/L6_681bd2a8f3cfd6949bd3f072e1fe2e1b.jpg,Nanowires/L6_801b1a4f1c4dfcb4f78d0451716dde02.jpg,2,1.0
Particles/L2_b85b4f87b53b0c96c8b131fd718e5617.jpg,Particles/L2_b031189f8d3b87546c8d917ecdbf25e3.jpg,2,1.0
Particles/L2_17cfb754d17d770f18ce5b371a5d5f67.jpg,Particles/L2_08f98fca47e5c7a530e9678fcea1611f.jpg,2,1.0
Particles/L2_5d26ee519247a8b011139aded6a5d9f6.jpg,Particles/L2_32d7b650cb4109d98cd245ba1d9f5185.jpg,2,1.0
Particles/L2_35e4225a83b40504b8917fbf9d9369de.jpg,Particles/L2_1b4d071b000592c38beda010a90964be.jpg,2,1.0
Particles/L2_e4624d1518be6e102b56c8947e91cf56.jpg,Particles/L2_2822ca703fdf117e9c68558e8eedcdc0.jpg,2,1.0
Particles/L2_799193501b0942ab094bbbd43db12a50.jpg,Particles/L2_2ec895790dd2dc317ff62bcf4315526d.jpg,2,1.0
Particles/L2_2b2176bb4f74cbd0dcb4bd27822a0512.jpg,Particles/L2_c670130c0486ab0d08a7da202ee9e151.jpg,2,1.0
Particles/L2_07a2f015a7a353ee901dda1946aca170.jpg,Particles/L2_47982cf42328f0bdd5ca5f09a4caa4d3.jpg,2,1.0
Patterned_surface/L1_f8ac2fbcd7fe8af7ebc672c019c179fb.jpg,Patterned_surface/L1_bb5a342721bbfaa59facd15acd47a503.jpg,2,1.0
Patterned_surface/L1_32001302abdc2af01e3920dfd8f10542.jpg,Patterned_surface/L1_362ef2b1892b828e5d9f620d0f77a969.jpg,2,1.0
Patterned_surface/L1_4313ba1f66d92c3cfb902c13020123af.jpg,Patterned_surface/L1_b661ff14246f18ad08302c4cbdf3d0b1.jpg,2,1.0
Patterned_surface/L1_4d332fe1710a946223cd5ec58f637e23.jpg,Patterned_surface/L1_b47bd30d7898a8d13120c39dba65a100.jpg,2,1.0
Patterned_surface/L1_cc452404f85e14efe3dfca7053f90076.jpg,Patterned_surface/L1_3e6c03383d0bf8130b5fe90f6c3545c4.jpg,2,1.0
Patterned_surface/L1_3046232785139d2b9cd18645945e550b.jpg,Patterned_surface/L1_292fa6f6e12a993155e023258a3a1901.jpg,2,1.0
Patterned_surface/L1_3d9007b34d6d94c4f880d78d2baeb995.jpg,Patterned_surface/L1_0c23dff7cffc7f443c82d400e883185e.jpg,2,1.0
Patterned_surface/L1_e5cbb9633df6744a9210348c6e5a4181.jpg,Patterned_surface/L1_d52c63e38f643cb282ceae1063ccc25c.jpg,2,1.0
Patterned_surface/L1_2d1030eccb09d88387eab3862991b3ea.jpg,Patterned_surface/L1_469380595244ac750e0d698720bc3f7a.jpg,2,1.0
Patterned_surface/L1_a61b255fdcffc1f396f73b5838463bef.jpg,Patterned_surface/L1_c4db0c49026184f3dcfe5148d99f29f8.jpg,2,1.0
Patterned_surface/L1_c7bb61401472715a6aae87ace71430d6.jpg,Patterned_surface/L1_f644b65afdbd9f178f3c32f5aefc674e.jpg,2,1.0
Patterned_surface/L1_114093372fce827c57ce82a3f8341351.jpg,Patterned_surface/L1_299ee263f62b50bbc7eeb5e5ed815591.jpg,2,1.0
Porous_Sponge/L0_9daf8b25c600c83ab8050d278db44cf3.jpg,Porous_Sponge/L0_d6d0ac1a5b895832f739adb5c1688b7f.jpg,2,1.0
Tips/L5_54682317aac76fb14e56fbc9f7e444e0.jpg,Tips/L5_ea161b512c06357d4b5e43169367c31d.jpg,2,1.0
Tips/L5_9df09220b447792bd55ea75fb2e81967.jpg,Tips/L5_64883cfa037264db880eea34a9b5dd1c.jpg,2,1.0
Tips/L5_b61f8e7e76f4d1d793e7509400477139.jpg,Tips/L5_03008307c55a51a598475736301486d3.jpg,2,1.0
MEMS_devices_and_electrodes/L8_b2eefe56ed6b3478b08cf8ff2ba89118.jpg,MEMS_devices_and_electrodes/L8_34d7d75b94c147f94bbda789ab558786.jpg,2,0.999
MEMS_devices_and_electrodes/L8_2f3b06cf17ef360f3837551e0f0444ae.jpg,MEMS_devices_and_electrodes/L8_07352d92ae4d46e947fc55213be1dbd8.jpg,2,0.999
MEMS_devices_and_electrodes/L8_eb2c6747672027f744a2ce26611ad9b4.jpg,MEMS_devices_and_electrodes/L8_264009a5d77fadddb2d0cf5ec9dd3192.jpg,2,0.999
MEMS_devices_and_electrodes/L8_4a58a36058d5773d080e9c4e96b41aeb.jpg,MEMS_devices_and_electrodes/L8_503cf302568df0d68e60dee1702c335a.jpg,2,0.999
MEMS_devices_and_electrodes/L8_c6343fbf18f82ed39f7188b48e8747eb.jpg,MEMS_devices_and_electrodes/L8_66ea5ac954d00d2454450890e342c11b.jpg,2,0.999
MEMS_devices_and_electrodes/L8_bf6f1fbbcc0fd9fd4aa09af2505bf0a2.jpg,MEMS_devices_and_electrodes/L8_b2a0324c29cc08dd2c0668e5e52c357d.jpg,2,0.999
MEMS_devices_and_electrodes/L8_16b7281ac9e26dd03df4774ee150835e.jpg,MEMS_devices_and_electrodes/L8_1f3a8859af50ae9999155eff5d037f74.jpg,2,0.999
MEMS_devices_and_electrodes/L8_e5b9c86421839a8a4b7ce948959e1db9.jpg,MEMS_devices_and_electrodes/L8_8b844cd06e669e4a38a7ea46e9bb6ab2.jpg,2,0.999
MEMS_devices_and_electrodes/L8_184c710c2051f4e7275135579eb6d394.jpg,MEMS_devices_and_electrodes/L8_03dd103284546f42140f30d7a0d804bb.jpg,2,0.999
MEMS_devices_and_electrodes/L8_037a5031acf03d2dc4ec6bb0371fd6bd.jpg,MEMS_devices_and_electrodes/L8_856b213ea27520d26da0b921a60e8cf4.jpg,2,0.999
Nanowires/L6_20b3d37ce0aee066383eae26b59a627b.jpg,Nanowires/L6_d1ba566e2aee22f3214355b3cd526a8c.jpg,2,0.999
Particles/L2_0417117f3d3578504538396962565fda.jpg,Particles/L2_b573acf55cdc68df8d23b94be2cf0006.jpg,2,0.999
Particles/L2_19063adb6f7fbbb441e616f027480cbc.jpg,Patterned_surface/L1_097df3006ff390af45ed962adf3ec9c0.jpg,2,0.999
Particles/L2_75a39ab9701c2753cb7ac0994d170e49.jpg,Particles/L2_f858c4621c00829de73e3d5c0b65e847.jpg,2,0.999
Particles/L2_a91463dbc454bd4e19da67de8256f312.jpg,Particles/L2_ab36988c3774f3c2647b2e6e2737ed33.jpg,2,0.999
Particles/L2_70cd47daa87cef0171cd7115648ea69e.jpg,Particles/L2_6f8c854ae8b99ed6a1e162f5bf1b573d.jpg,2,0.999
Particles/L2_28f12153bc9d06ae5a2eae269298e187.jpg,Particles/L2_500640d62182aba98cd8f0dd13a6af62.jpg,2,0.999
Particles/L2_166b7857c4146507d77c0cc63bcb1ade.jpg,Particles/L2_4bd62592359bd6e2bf19c7b3074eac80.jpg,2,0.999
Particles/L2_bc176fad029e42be3c0ec59b8d2acc27.jpg,Particles/L2_e4624d1518be6e102b56c8947e91cf56.jpg,2,0.999
Particles/L2_bc176fad029e42be3c0ec59b8d2acc27.jpg,Patterned_surface/L1_4cd72ecda50948f6e173bccf7b272cd3.jpg,2,0.999
Particles/L2_5d26ee519247a8b011139aded6a5d9f6.jpg,Particles/L2_cc8a7b8d3920aed9de0f56a59f2a77cb.jpg,2,0.999
Particles/L2_5d26ee519247a8b011139aded6a5d9f6.jpg,Particles/L2_c6284f99519bfce2ce571cfefbcb2077.jpg,2,0.999
Particles/L2_5d26ee519247a8b011139aded6a5d9f6.jpg,Particles/L2_96008f403ed393997eb3204cc2014589.jpg,2,0.999
Particles/L2_5d26ee519247a8b011139aded6a5d9f6.jpg,Particles/L2_6ebe8ce2e3b798716dcfcd1f4aa1380c.jpg,2,0.999
Particles/L2_5d26ee519247a8b011139aded6a5d9f6.jpg,Particles/L2_c05d8d36163942ee1ac42459536a066d.jpg,2,0.999
Particles/L2_35e4225a83b40504b8917fbf9d9369de.jpg,Particles/L2_8f58cdc581cacf479a97b5d7d179f879.jpg,2,0.999
Particles/L2_35e4225a83b40504b8917fbf9d9369de.jpg,Particles/L2_b4691762ebf96b3fe16d72714191c25f.jpg,2,0.999
Particles/L2_1138fcfda3766e21224e6d9ba7669790.jpg,Particles/L2_92fd0e74bbb8d3b168503ebe6a62ce51.jpg,2,0.999
Particles/L2_8eaade79019459689e7ef06c72df1a7e.jpg,Particles/L2_aaf5f286ddbc31fb8407df721026f664.jpg,2,0.999
Particles/L2_f858c4621c00829de73e3d5c0b65e847.jpg,Particles/L2_35a0b9e13e05a2ede1b5fb94bc37983d.jpg,2,0.999
Particles/L2_cc8a7b8d3920aed9de0f56a59f2a77cb.jpg,Particles/L2_6ebe8ce2e3b798716dcfcd1f4aa1380c.jpg,2,0.999
Particles/L2_cc8a7b8d3920aed9de0f56a59f2a77cb.jpg,Particles/L2_32d7b650cb4109d98cd245ba1d9f5185.jpg,2,0.999
Particles/L2_cc8a7b8d3920aed9de0f56a59f2a77cb.jpg,Particles/L2_14d217d1208a77e55150b5e0df1f6ff2.jpg,2,0.999
Particles/L2_c6284f99519bfce2ce571cfefbcb2077.jpg,Particles/L2_c51d17ae9cb794e1a6985e059ebe31cd.jpg,2,0.999
Particles/L2_c6284f99519bfce2ce571cfefbcb2077.jpg,Particles/L2_fe00d6aca0d79767c24c2ea8e3fd5ddd.jpg,2,0.999
Particles/L2_53b67c40e2b52242ef410f998cd24d3a.jpg,Particles/L2_ec1dc71ce7d9deabcaf870bb5ffabcdf.jpg,2,0.999
Particles/L2_96008f403ed393997eb3204cc2014589.jpg,Particles/L2_6ebe8ce2e3b798716dcfcd1f4aa1380c.jpg,2,0.999
Particles/L2_96008f403ed393997eb3204cc2014589.jpg,Particles/L2_c05d8d36163942ee1ac42459536a066d.jpg,2,0.999
Particles/L2_96008f403ed393997eb3204cc2014589.jpg,Particles/L2_32d7b650cb4109d98cd245ba1d9f5185.jpg,2,0.999
Particles/L2_96008f403ed393997eb3204cc2014589.jpg,Particles/L2_c51d17ae9cb794e1a6985e059ebe31cd.jpg,2,0.999
Particles/L2_96008f403ed393997eb3204cc2014589.jpg,Particles/L2_023e56d1fecc3e4e43ce4108f0063704.jpg,2,0.999
Particles/L2_6ebe8ce2e3b798716dcfcd1f4aa1380c.jpg,Particles/L2_023e56d1fecc3e4e43ce4108f0063704.jpg,2,0.999
Particles/L2_263330acede634b36bdd92184d830b91.jpg,Particles/L2_d029cc246bc1db29368ef7e97f154a52.jpg,2,0.999
Particles/L2_8f58cdc581cacf479a97b5d7d179f879.jpg,Particles/L2_590807f1af0159b8981d8fde46459d2a.jpg,2,0.999
Particles/L2_8f58cdc581cacf479a97b5d7d179f879.jpg,Particles/L2_1b4d071b000592c38beda010a90964be.jpg,2,0.999
Particles/L2_e15322dd403155205da100b2d137de27.jpg,Particles/L2_413816b04030213229ce371eea2007e0.jpg,2,0.999
Particles/L2_10ccaeb6ca550a754eb02a8dd9a4b548.jpg,Particles/L2_18568b20d8ff3edec98d96921cce966d.jpg,2,0.999
Particles/L2_cc69830f047caf136502635bcbf3f7ea.jpg,Particles/L2_093ffb838ec95b70a4d978ebab9b7114.jpg,2,0.999
Particles/L2_cc69830f047caf136502635bcbf3f7ea.jpg,Particles/L2_718088696407e5cad8f4ee1495b4d7e5.jpg,2,0.999
Particles/L2_cc69830f047caf136502635bcbf3f7ea.jpg,Particles/L2_378a5905a3f110eba113a307d45d83fa.jpg,2,0.999
Particles/L2_cc69830f047caf136502635bcbf3f7ea.jpg,Particles/L2_4e709d559782d188baf90a6de3e3f2ff.jpg,2,0.999
Particles/L2_093ffb838ec95b70a4d978ebab9b7114.jpg,Particles/L2_378a5905a3f110eba113a307d45d83fa.jpg,2,0.999
Particles/L2_b4691762ebf96b3fe16d72714191c25f.jpg,Particles/L2_590807f1af0159b8981d8fde46459d2a.jpg,2,0.999
Particles/L2_c05d8d36163942ee1ac42459536a066d.jpg,Particles/L2_c51d17ae9cb794e1a6985e059ebe31cd.jpg,2,0.999
Particles/L2_c05d8d36163942ee1ac42459536a066d.jpg,Particles/L2_023e56d1fecc3e4e43ce4108f0063704.jpg,2,0.999
Particles/L2_183f14b7de5062b264ed507c12f2aa4b.jpg,Particles/L2_2ec895790dd2dc317ff62bcf4315526d.jpg,2,0.999
Particles/L2_32d7b650cb4109d98cd245ba1d9f5185.jpg,Particles/L2_c51d17ae9cb794e1a6985e059ebe31cd.jpg,2,0.999
Particles/L2_32d7b650cb4109d98cd245ba1d9f5185.jpg,Particles/L2_023e56d1fecc3e4e43ce4108f0063704.jpg,2,0.999
Particles/L2_f57990cb45c3b9be5eeadb02db7286c3.jpg,Particles/L2_2822ca703fdf117e9c68558e8eedcdc0.jpg,2,0.999
Particles/L2_7c8beab6b384cb5eb9bb5174f11381d4.jpg,Particles/L2_4ceb73dc15b24f0b0152b8eae3656b1f.jpg,2,0.999
Particles/L2_90d842d7c6310ea7df6fccbc7280f977.jpg,Particles/L2_95f2cd0eb49b2dd91ec93088237606e1.jpg,2,0.999
Particles/L2_90d842d7c6310ea7df6fccbc7280f977.jpg,Particles/L2_245de5981639d497b6d9469eb8a36394.jpg,2,0.999
Particles/L2_718088696407e5cad8f4ee1495b4d7e5.jpg,Particles/L2_378a5905a3f110eba113a307d45d83fa.jpg,2,0.999
Particles/L2_95f2cd0eb49b2dd91ec93088237606e1.jpg,Particles/L2_245de5981639d497b6d9469eb8a36394.jpg,2,0.999
Particles/L2_590807f1af0159b8981d8fde46459d2a.jpg,Particles/L2_1b4d071b000592c38beda010a90964be.jpg,2,0.999
Particles/L2_814a06b719b7e5ac6a66c1736e957375.jpg,Particles/L2_959bffd3a8229ece093b6202e957dfe7.jpg,2,0.999
Particles/L2_cb7b5b51e0dee0e65576fdba649f6541.jpg,Particles/L2_b439c864582a08353e493fe0cd7b86e0.jpg,2,0.999
Particles/L2_cb7b5b51e0dee0e65576fdba649f6541.jpg,Particles/L2_e0a62b27abfe4ee9acf4d0080f7a86cc.jpg,2,0.999
Particles/L2_d63db9df3014732011e7cca9964f3cfb.jpg,Patterned_surface/L1_7273140cd90dc4da81f41dc60a87b345.jpg,2,0.999
Particles/L2_d63db9df3014732011e7cca9964f3cfb.jpg,Patterned_surface/L1_b12d11b6111ba8ba078ab57bea8fe96b.jpg,2,0.999
Particles/L2_d63db9df3014732011e7cca9964f3cfb.jpg,Patterned_surface/L1_bde34242a76037599dd403d1f6ea41e7.jpg,2,0.999
Particles/L2_378a5905a3f110eba113a307d45d83fa.jpg,Particles/L2_4e709d559782d188baf90a6de3e3f2ff.jpg,2,0.999
Particles/L2_245de5981639d497b6d9469eb8a36394.jpg,Particles/L2_58b882ecd17bb5e5d9a0582ab8682b1f.jpg,2,0.999
Particles/L2_9b28d0259642fdc9e8f44f7be491be45.jpg,Patterned_surface/L1_fc46bb671e345727e56db0a43f1a9144.jpg,2,0.999
Patterned_surface/L1_6a8948649ba0c4709ed8027b3a955eb4.jpg,Patterned_surface/L1_2e929aee964ee8c7c0f0600babb14bd6.jpg,2,0.999
Patterned_surface/L1_8099e3322ebf14cb35e3f6a82c21d78b.jpg,Patterned_surface/L1_7d80a3fddd8137d4385053746db72472.jpg,2,0.999
Patterned_surface/L1_47e0c93453ed9818a67aa792d0b4aab1.jpg,Patterned_surface/L1_c8d85388ecac2c2371cfa519b7b5e68c.jpg,2,0.999
Patterned_surface/L1_e5e78ca522d631392f939ac573a835a8.jpg,Patterned_surface/L1_98436682556f56ea69e62f2d8cd98df7.jpg,2,0.999
Patterned_surface/L1_b0c97be194da4ade56ef9a25c6964c07.jpg,Patterned_surface/L1_763046a0b69b1a80e7c105f2e3471879.jpg,2,0.999
Patterned_surface/L1_46a83e34659a0d9e2c547b539e5d701b.jpg,Patterned_surface/L1_ba549cc16c06e60d5fb4bf48134f97f9.jpg,2,0.999
Patterned_surface/L1_bedd8a77cbe3a2f9771f6263f23fb9a1.jpg,Patterned_surface/L1_0aceacb0b3bbb83e38dd3f314b5b61b8.jpg,2,0.999
Patterned_surface/L1_fc1d5826248dfce50f739a81d4e5874e.jpg,Patterned_surface/L1_28079a997b35e05c536c078a15c3f3cd.jpg,2,0.999
Patterned_surface/L1_7273140cd90dc4da81f41dc60a87b345.jpg,Patterned_surface/L1_097df3006ff390af45ed962adf3ec9c0.jpg,2,0.999
Patterned_surface/L1_7273140cd90dc4da81f41dc60a87b345.jpg,Patterned_surface/L1_bde34242a76037599dd403d1f6ea41e7.jpg,2,0.999
Patterned_surface/L1_0aceacb0b3bbb83e38dd3f314b5b61b8.jpg,Patterned_surface/L1_7b1ba11bd6d31d66a1f00eef3ebd40d8.jpg,2,0.999
Patterned_surface/L1_99a1b46f7030ad58499890bb0b059312.jpg,Patterned_surface/L1_52fe14c8393fdc0d09e25831f1a1cfaa.jpg,2,0.999
Patterned_surface/L1_b12d11b6111ba8ba078ab57bea8fe96b.jpg,Patterned_surface/L1_bde34242a76037599dd403d1f6ea41e7.jpg,2,0.999
Patterned_surface/L1_887112dda3ba653b5744941e61837f4c.jpg,Patterned_surface/L1_0d8b7f909c99e21d40a0a9ee1d137d05.jpg,2,0.999
Patterned_surface/L1_4218a2b7589944a98c6ee56478ce8cc1.jpg,Patterned_surface/L1_9fad4fdf0706d646021bde2115576305.jpg,2,0.999
Patterned_surface/L1_362ef2b1892b828e5d9f620d0f77a969.jpg,Patterned_surface/L1_2923768d388bb743fdcf76cb08f1cc89.jpg,2,0.999
Patterned_surface/L1_7a30f6f2797a95704638a53fa76d67b5.jpg,Patterned_surface/L1_9e4a05eebd8aefa4e87731e748b201d0.jpg,2,0.999
Tips/L5_873117071ca6d2365c7afd23098ec184.jpg,Tips/L5_1a8a6e093ebaf4f2940b77cc224339e2.jpg,2,0.999
Tips/L5_2df5e4018da1c8c7e8f565592b882b4f.jpg,Tips/L5_1c6445680aedd5ce9ba728a0eb1dad03.jpg,2,0.999
Tips/L5_7a84993014b2be5c0f7f91c47c17865f.jpg,Tips/L5_d308646b70355366527ca5e770e6cb94.jpg,2,0.999
Biological/L7_e5140bfe80e75e3a6057446880c4fad3.jpg,Particles/L2_9b28d0259642fdc9e8f44f7be491be45.jpg,2,0.998
Biological/L7_8b853fdf982a38d7d03cd0bc1ae82c65.jpg,Biological/L7_94907735b4f66975066d8795db595376.jpg,2,0.998
Biological/L7_3c7371fb936934de679a97f83427366c.jpg,Biological/L7_273213668f6e7d3d917f4dbdc849a4c4.jpg,2,0.998
Films_Coated_Surface/L3_deb51c4f2bcd21b20bf48c8d9f2464c7.jpg,Films_Coated_Surface/L3_4ce081b44b1f487d1aefa4c6d0707fa1.jpg,2,0.998
MEMS_devices_and_electrodes/L8_e868e306c33855623abe7980f2c9bba4.jpg,Particles/L2_933f1e2364ff7de3d3aa08c419d273d6.jpg,2,0.998
MEMS_devices_and_electrodes/L8_b95046ebf6d21ba94483e5c12737e99e.jpg,MEMS_devices_and_electrodes/L8_d92d1e68b6aa697e354ccee337a71fdb.jpg,2,0.998
MEMS_devices_and_electrodes/L8_27bef5d7c87dddcfd096d861791df00e.jpg,MEMS_devices_and_electrodes/L8_ecfd1fbfbb5f54ae5addeb7b9a133a54.jpg,2,0.998
MEMS_devices_and_electrodes/L8_4cc8f3957c21286824224bf0715b224d.jpg,MEMS_devices_and_electrodes/L8_b638fc8f22a1eebc4bed0d6d34b979f6.jpg,2,0.998
MEMS_devices_and_electrodes/L8_d4384232554774ce9ec4d02b886d4b50.jpg,MEMS_devices_and_electrodes/L8_092145f8600a592fff30dd05ada1b859.jpg,2,0.998
MEMS_devices_and_electrodes/L8_b3938bcef0869b17ea705f1a76162e07.jpg,MEMS_devices_and_electrodes/L8_c30990472f6422c1aa72530188ce6883.jpg,2,0.998
MEMS_devices_and_electrodes/L8_4ed4ac850401d6555ea0513ca2c53e9e.jpg,MEMS_devices_and_electrodes/L8_184c710c2051f4e7275135579eb6d394.jpg,2,0.998
MEMS_devices_and_electrodes/L8_3cb0383a5380eba491034abea0e79e79.jpg,MEMS_devices_and_electrodes/L8_77acda5d01afb0b3b3a8f38791ba01bf.jpg,2,0.998
MEMS_devices_and_electrodes/L8_50ed44e3f9c5833e9169b4b5a52820b9.jpg,MEMS_devices_and_electrodes/L8_ee7ca5b6db556952e8c12f839e5cda15.jpg,2,0.998
MEMS_devices_and_electrodes/L8_a6635f1e8093bef50f7eafddf9f9b665.jpg,MEMS_devices_and_electrodes/L8_129b9cff9a0b2a4a3f12926d98614375.jpg,2,0.998
Nanowires/L6_85f4c2502482a1c4f10e6581bcf26575.jpg,Nanowires/L6_fd42cf79c330bf7b5c5b3bbae4205e73.jpg,2,0.998
Nanowires/L6_238ff4e99da1d99f38ef952f572057f7.jpg,Nanowires/L6_6c6a57eb38cc880e540e657d5b48834e.jpg,2,0.998
Particles/L2_19063adb6f7fbbb441e616f027480cbc.jpg,Particles/L2_bc176fad029e42be3c0ec59b8d2acc27.jpg,2,0.998
Particles/L2_19063adb6f7fbbb441e616f027480cbc.jpg,Particles/L2_d63db9df3014732011e7cca9964f3cfb.jpg,2,0.998
Particles/L2_19063adb6f7fbbb441e616f027480cbc.jpg,Particles/L2_930aa52a4dc7fa17c084a1d76506623b.jpg,2,0.998
Particles/L2_19063adb6f7fbbb441e616f027480cbc.jpg,Particles/L2_514a8e2ef97b718f9833b5c75096270f.jpg,2,0.998
Particles/L2_19063adb6f7fbbb441e616f027480cbc.jpg,Patterned_surface/L1_17352db8bfcc27adc16898598fcbcec9.jpg,2,0.998
Particles/L2_19063adb6f7fbbb441e616f027480cbc.jpg,Patterned_surface/L1_bde34242a76037599dd403d1f6ea41e7.jpg,2,0.998
Particles/L2_2a1292c7f75703674ed757b353e8926f.jpg,Particles/L2_814a06b719b7e5ac6a66c1736e957375.jpg,2,0.998
Particles/L2_75a39ab9701c2753cb7ac0994d170e49.jpg,Particles/L2_f6ad5e67023ad56c3c8c123cfc3167eb.jpg,2,0.998
Particles/L2_75a39ab9701c2753cb7ac0994d170e49.jpg,Particles/L2_e074228e2a7891e7defc9f0b98df464e.jpg,2,0.998
Particles/L2_6a9ec949bb9df2148c35a8dd878b3f6b.jpg,Particles/L2_6f8c854ae8b99ed6a1e162f5bf1b573d.jpg,2,0.998
Particles/L2_a3e1ce0330388ca1aeb9f672ae1b63da.jpg,Particles/L2_1b4d071b000592c38beda010a90964be.jpg,2,0.998
Particles/L2_5349c78c00b7507002726735cd00ac68.jpg,Particles/L2_53736d5c4a858dfe9558bb76f45f21f5.jpg,2,0.998
Particles/L2_e828187f0e726778dbec2e4ab08b0a94.jpg,Particles/L2_1138fcfda3766e21224e6d9ba7669790.jpg,2,0.998
Particles/L2_e828187f0e726778dbec2e4ab08b0a94.jpg,Patterned_surface/L1_3d5c0ab0e3bf6332f146773ea39be21e.jpg,2,0.998
Particles/L2_ab36988c3774f3c2647b2e6e2737ed33.jpg,Particles/L2_89414ac12b05eb7b7915224f99444e00.jpg,2,0.998
Particles/L2_6fd3aefc3d567a1d5960d9a0d2b96006.jpg,Particles/L2_8642a12da5d0c7fbf9f13ef703bb3691.jpg,2,0.998
Particles/L2_28f12153bc9d06ae5a2eae269298e187.jpg,Patterned_surface/L1_acf47f88f54f08f439874ea08a7b88fc.jpg,2,0.998
Particles/L2_658d65a24d5876c4cc15eea857dd467d.jpg,Particles/L2_3aed43e562ae27b080a007a7a55e425a.jpg,2,0.998
Particles/L2_dae99d5241bd4c177ce1d078ccb0dad7.jpg,Particles/L2_53736d5c4a858dfe9558bb76f45f21f5.jpg,2,0.998
Particles/L2_ba2edb8a9f9a652cdcd874f0e554fa90.jpg,Particles/L2_5d26ee519247a8b011139aded6a5d9f6.jpg,2,0.998
Particles/L2_ba2edb8a9f9a652cdcd874f0e554fa90.jpg,Particles/L2_96008f403ed393997eb3204cc2014589.jpg,2,0.998
Particles/L2_ba2edb8a9f9a652cdcd874f0e554fa90.jpg,Particles/L2_c51d17ae9cb794e1a6985e059ebe31cd.jpg,2,0.998
Particles/L2_ba2edb8a9f9a652cdcd874f0e554fa90.jpg,Particles/L2_023e56d1fecc3e4e43ce4108f0063704.jpg,2,0.998
Particles/L2_f45d4c04214d22d47848247d4dd631dd.jpg,Particles/L2_48563ed5085b01514bcd5796848d41c7.jpg,2,0.998
Particles/L2_bc176fad029e42be3c0ec59b8d2acc27.jpg,Patterned_surface/L1_7273140cd90dc4da81f41dc60a87b345.jpg,2,0.998
Particles/L2_5d26ee519247a8b011139aded6a5d9f6.jpg,Particles/L2_84df502d90f194504e3ee2f458d32911.jpg,2,0.998
Particles/L2_35e4225a83b40504b8917fbf9d9369de.jpg,Particles/L2_3aed43e562ae27b080a007a7a55e425a.jpg,2,0.998
Particles/L2_515c3edef47188d0f5e52ba5e0031920.jpg,Particles/L2_e35ff75c8e74ea8d7c8d42ec2b010151.jpg,2,0.998
Particles/L2_1138fcfda3766e21224e6d9ba7669790.jpg,Patterned_surface/L1_88f55feac53a7d69620f6f08a0f535d1.jpg,2,0.998
Particles/L2_1138fcfda3766e21224e6d9ba7669790.jpg,Patterned_surface/L1_ee5512c2ca2b457ba831187c1a5ddd70.jpg,2,0.998
Particles/L2_46791b87b794da755b42eb8505ebc5e7.jpg,Particles/L2_9b87d83ea909a767f87c6f5ea5d9e882.jpg,2,0.998
Particles/L2_825f150a1cd0a9a373468f001abb72d1.jpg,Particles/L2_358e6c4544e48a7440d3cb31b7eb6b87.jpg,2,0.998
Particles/L2_e4624d1518be6e102b56c8947e91cf56.jpg,Particles/L2_25508ba490db0440cb48669886ae0c86.jpg,2,0.998
Particles/L2_f89462b8b7a1e83b9c6fef750e1500b0.jpg,Particles/L2_225ea45957a986453ad04861aff21c28.jpg,2,0.998
Particles/L2_cc8a7b8d3920aed9de0f56a59f2a77cb.jpg,Particles/L2_c6284f99519bfce2ce571cfefbcb2077.jpg,2,0.998
Particles/L2_cc8a7b8d3920aed9de0f56a59f2a77cb.jpg,Particles/L2_c05d8d36163942ee1ac42459536a066d.jpg,2,0.998
Particles/L2_cc8a7b8d3920aed9de0f56a59f2a77cb.jpg,Particles/L2_c51d17ae9cb794e1a6985e059ebe31cd.jpg,2,0.998
Particles/L2_cc8a7b8d3920aed9de0f56a59f2a77cb.jpg,Particles/L2_fe00d6aca0d79767c24c2ea8e3fd5ddd.jpg,2,0.998
Particles/L2_f6ad5e67023ad56c3c8c123cfc3167eb.jpg,Particles/L2_35a0b9e13e05a2ede1b5fb94bc37983d.jpg,2,0.998
Particles/L2_c6284f99519bfce2ce571cfefbcb2077.jpg,Particles/L2_14d217d1208a77e55150b5e0df1f6ff2.jpg,2,0.998
Particles/L2_3aed43e562ae27b080a007a7a55e425a.jpg,Particles/L2_590807f1af0159b8981d8fde46459d2a.jpg,2,0.998
Particles/L2_53736d5c4a858dfe9558bb76f45f21f5.jpg,Patterned_surface/L1_5402e585c67209451c5f640d42884d79.jpg,2,0.998
Particles/L2_53736d5c4a858dfe9558bb76f45f21f5.jpg,Patterned_surface/L1_17352db8bfcc27adc16898598fcbcec9.jpg,2,0.998
Particles/L2_8256ef2507307619b88a844b912cf3b2.jpg,Particles/L2_2b70e28c22b9d03249af9e04a1bfa392.jpg,2,0.998
Particles/L2_6ebe8ce2e3b798716dcfcd1f4aa1380c.jpg,Particles/L2_834a90b89171c526884e34e3287edca0.jpg,2,0.998
Particles/L2_6ebe8ce2e3b798716dcfcd1f4aa1380c.jpg,Particles/L2_c51d17ae9cb794e1a6985e059ebe31cd.jpg,2,0.998
Particles/L2_6ebe8ce2e3b798716dcfcd1f4aa1380c.jpg,Particles/L2_4f87bb2b38dccf6afe3e4601ba78c080.jpg,2,0.998
Particles/L2_6ebe8ce2e3b798716dcfcd1f4aa1380c.jpg,Particles/L2_7edadea8b0199e42b62843ce7f2dc3c0.jpg,2,0.998
Particles/L2_834a90b89171c526884e34e3287edca0.jpg,Particles/L2_32d7b650cb4109d98cd245ba1d9f5185.jpg,2,0.998
Particles/L2_4e4a7ce0fd22363f7a18e483c27fd380.jpg,Particles/L2_d3a5d1d06511b593db376ade4df8b2b4.jpg,2,0.998
Particles/L2_e8c00f93affce6a183980a6dd71f09a3.jpg,Particles/L2_e643a9c2dcf85e5dac24f85b4929bc1e.jpg,2,0.998
Particles/L2_54a16ffcbecaef39b16e5cf7d0d59851.jpg,Particles/L2_c51d17ae9cb794e1a6985e059ebe31cd.jpg,2,0.998
Particles/L2_d0c471a10b2801c742396882d8a8c658.jpg,Patterned_surface/L1_4cd72ecda50948f6e173bccf7b272cd3.jpg,2,0.998
Particles/L2_c05d8d36163942ee1ac42459536a066d.jpg,Particles/L2_933f1e2364ff7de3d3aa08c419d273d6.jpg,2,0.998
Particles/L2_32d7b650cb4109d98cd245ba1d9f5185.jpg,Particles/L2_4f87bb2b38dccf6afe3e4601ba78c080.jpg,2,0.998
Particles/L2_32d7b650cb4109d98cd245ba1d9f5185.jpg,Particles/L2_7edadea8b0199e42b62843ce7f2dc3c0.jpg,2,0.998
Particles/L2_6116f64e36ad908bde51faaa794d1ffe.jpg,Particles/L2_f57990cb45c3b9be5eeadb02db7286c3.jpg,2,0.998
Particles/L2_6116f64e36ad908bde51faaa794d1ffe.jpg,Particles/L2_2822ca703fdf117e9c68558e8eedcdc0.jpg,2,0.998
Particles/L2_7feb413def37f249ce54d34ea9eefc53.jpg,Particles/L2_2fc3fd2f1e494b7d04ff0e8740b59c93.jpg,2,0.998
Particles/L2_90d842d7c6310ea7df6fccbc7280f977.jpg,Particles/L2_58b882ecd17bb5e5d9a0582ab8682b1f.jpg,2,0.998
Particles/L2_dbfd278db4abe9a5e049835033b15a17.jpg,Particles/L2_a2adfebaa29c3fa9887e4cb5b5557549.jpg,2,0.998
Particles/L2_3379b8ba1d4ee1a37f47f73238a0a4d3.jpg,Particles/L2_6f8c854ae8b99ed6a1e162f5bf1b573d.jpg,2,0.998
Particles/L2_14d217d1208a77e55150b5e0df1f6ff2.jpg,Particles/L2_fe00d6aca0d79767c24c2ea8e3fd5ddd.jpg,2,0.998
Particles/L2_14d217d1208a77e55150b5e0df1f6ff2.jpg,Particles/L2_4f87bb2b38dccf6afe3e4601ba78c080.jpg,2,0.998
Particles/L2_14d217d1208a77e55150b5e0df1f6ff2.jpg,Particles/L2_7edadea8b0199e42b62843ce7f2dc3c0.jpg,2,0.998
Particles/L2_92fd0e74bbb8d3b168503ebe6a62ce51.jpg,Patterned_surface/L1_ee5512c2ca2b457ba831187c1a5ddd70.jpg,2,0.998
Particles/L2_48563ed5085b01514bcd5796848d41c7.jpg,Particles/L2_a948a582efad7f675d0b53bc9426be33.jpg,2,0.998
Particles/L2_d3409494c8e873cd8dcdfc6aaa6ab48c.jpg,Patterned_surface/L1_4fda5c740bc1bf4a4154ea4d6345c66a.jpg,2,0.998
Particles/L2_d3409494c8e873cd8dcdfc6aaa6ab48c.jpg,Patterned_surface/L1_6f3124f44bd5d99e3ae7d4123f7d6881.jpg,2,0.998
Particles/L2_930aa52a4dc7fa17c084a1d76506623b.jpg,Patterned_surface/L1_7273140cd90dc4da81f41dc60a87b345.jpg,2,0.998
Particles/L2_930aa52a4dc7fa17c084a1d76506623b.jpg,Patterned_surface/L1_097df3006ff390af45ed962adf3ec9c0.jpg,2,0.998
Particles/L2_514a8e2ef97b718f9833b5c75096270f.jpg,Particles/L2_7a72c462193d1d6d011419e70dffbefe.jpg,2,0.998
Particles/L2_514a8e2ef97b718f9833b5c75096270f.jpg,Patterned_surface/L1_7273140cd90dc4da81f41dc60a87b345.jpg,2,0.998
Particles/L2_83138c0b7bd054c362bf85a9174d7883.jpg,Patterned_surface/L1_4cd72ecda50948f6e173bccf7b272cd3.jpg,2,0.998
Particles/L2_f5a971d7e9723a5e02d8dca64c2a9750.jpg,Particles/L2_2b70e28c22b9d03249af9e04a1bfa392.jpg,2,0.998
Particles/L2_7a72c462193d1d6d011419e70dffbefe.jpg,Patterned_surface/L1_097df3006ff390af45ed962adf3ec9c0.jpg,2,0.998
Particles/L2_6ebc46470d05d8a425e57631fcbda37e.jpg,Patterned_surface/L1_ee5512c2ca2b457ba831187c1a5ddd70.jpg,2,0.998
Patterned_surface/L1_5e2a61ab85efac1b0425d065a7f3795f.jpg,Patterned_surface/L1_c8d85388ecac2c2371cfa519b7b5e68c.jpg,2,0.998
Patterned_surface/L1_5e2a61ab85efac1b0425d065a7f3795f.jpg,Patterned_surface/L1_bde34242a76037599dd403d1f6ea41e7.jpg,2,0.998
Patterned_surface/L1_b24629bcb72e86933ac0292a31593d8d.jpg,Patterned_surface/L1_9a0b21c1923430d1ce159b4f37c7fa1f.jpg,2,0.998
Patterned_surface/L1_f387486faf508aa9aca603b254d2469f.jpg,Patterned_surface/L1_0241701fa93d295278b1d2c617ddbf12.jpg,2,0.998
Patterned_surface/L1_32001302abdc2af01e3920dfd8f10542.jpg,Patterned_surface/L1_2923768d388bb743fdcf76cb08f1cc89.jpg,2,0.998
Patterned_surface/L1_4fda5c740bc1bf4a4154ea4d6345c66a.jpg,Patterned_surface/L1_7273140cd90dc4da81f41dc60a87b345.jpg,2,0.998
Patterned_surface/L1_4fda5c740bc1bf4a4154ea4d6345c66a.jpg,Patterned_surface/L1_b12d11b6111ba8ba078ab57bea8fe96b.jpg,2,0.998
Patterned_surface/L1_4fda5c740bc1bf4a4154ea4d6345c66a.jpg,Patterned_surface/L1_097df3006ff390af45ed962adf3ec9c0.jpg,2,0.998
Patterned_surface/L1_4fda5c740bc1bf4a4154ea4d6345c66a.jpg,Patterned_surface/L1_bde34242a76037599dd403d1f6ea41e7.jpg,2,0.998
Patterned_surface/L1_47a92af30eb2bca02d590ec852238ce6.jpg,Patterned_surface/L1_f63510128c7aeacbf754cdb8d5022d19.jpg,2,0.998
Patterned_surface/L1_bedd8a77cbe3a2f9771f6263f23fb9a1.jpg,Patterned_surface/L1_75fc5e2d441cdf98c4c32cae7318d74b.jpg,2,0.998
Patterned_surface/L1_b45ae4add2c2391f3d1a91f374b9af76.jpg,Patterned_surface/L1_4ed5991fd25f90c6b9988bdb3e47f26e.jpg,2,0.998
Patterned_surface/L1_b45ae4add2c2391f3d1a91f374b9af76.jpg,Patterned_surface/L1_4e51c569bb4e9de49f8580aab6775845.jpg,2,0.998
Patterned_surface/L1_90614f6f9f6b26a1bbde525c11f2516e.jpg,Patterned_surface/L1_6f3124f44bd5d99e3ae7d4123f7d6881.jpg,2,0.998
Patterned_surface/L1_4e51c569bb4e9de49f8580aab6775845.jpg,Patterned_surface/L1_01259a4c45816d3429701d1cd180cf5b.jpg,2,0.998
Patterned_surface/L1_3f6fe3ccb02a97e3eee94fa67e3d981b.jpg,Patterned_surface/L1_212f7ac6f67a2175d2045c596d34e476.jpg,2,0.998
Patterned_surface/L1_0aceacb0b3bbb83e38dd3f314b5b61b8.jpg,Patterned_surface/L1_75fc5e2d441cdf98c4c32cae7318d74b.jpg,2,0.998
Patterned_surface/L1_0aceacb0b3bbb83e38dd3f314b5b61b8.jpg,Patterned_surface/L1_faaea346e26b3854a2f1059f2416d42f.jpg,2,0.998
Patterned_surface/L1_f6d44fefc02e816516edc79d441a9781.jpg,Patterned_surface/L1_bde34242a76037599dd403d1f6ea41e7.jpg,2,0.998
Patterned_surface/L1_212f7ac6f67a2175d2045c596d34e476.jpg,Patterned_surface/L1_6032885d9539141d5807e9e7ad77d2d0.jpg,2,0.998
Patterned_surface/L1_b12d11b6111ba8ba078ab57bea8fe96b.jpg,Patterned_surface/L1_097df3006ff390af45ed962adf3ec9c0.jpg,2,0.998
Patterned_surface/L1_5605ffdf7306a68463cbccbc9c85effc.jpg,Patterned_surface/L1_78d46738cd2ff8794494b6c10e24398b.jpg,2,0.998
Patterned_surface/L1_7b1ba11bd6d31d66a1f00eef3ebd40d8.jpg,Patterned_surface/L1_faaea346e26b3854a2f1059f2416d42f.jpg,2,0.998
Tips/L5_23b640a3a9409006665d9921904d0743.jpg,Tips/L5_b46770ace6b5210531bdb3a97522cc07.jpg,2,0.998
Tips/L5_86777f24508b0639d1fb5d8691c22665.jpg,Tips/L5_b46770ace6b5210531bdb3a97522cc07.jpg,2,0.998
Films_Coated_Surface/L3_deb51c4f2bcd21b20bf48c8d9f2464c7.jpg,Films_Coated_Surface/L3_f644c6b6e02e71bfd0ba961731c4991d.jpg,2,0.997
MEMS_devices_and_electrodes/L8_d4c0db92779fd1f5151372b45e2e5cc0.jpg,MEMS_devices_and_electrodes/L8_f7f6e31831f7b9cece19e33e24716603.jpg,2,0.997
MEMS_devices_and_electrodes/L8_92af8b36c125ae210138e2fd664fde70.jpg,MEMS_devices_and_electrodes/L8_c9ed6268fac42f123c0cdb6a18b7a94c.jpg,2,0.997
MEMS_devices_and_electrodes/L8_d1af70ac875ee2d257a8a636fae0f736.jpg,MEMS_devices_and_electrodes/L8_1bc5b48c19e9c6fe14bae9fe9619386b.jpg,2,0.997
MEMS_devices_and_electrodes/L8_cbc4f5b0271ceace55fd38626e51a67b.jpg,MEMS_devices_and_electrodes/L8_1333b83d15b7e9c70ea4259efed9ba73.jpg,2,0.997
MEMS_devices_and_electrodes/L8_1dd583f0de214d0b9a57afbc7c3e34f4.jpg,MEMS_devices_and_electrodes/L8_d8a276436ae052df9b7f9a904bfd964e.jpg,2,0.997
Nanowires/L6_20b3d37ce0aee066383eae26b59a627b.jpg,Nanowires/L6_16b9453719384f0ad0aafc607fbe5cde.jpg,2,0.997
Nanowires/L6_619a797c3b8d32fad7ed9595ab244db4.jpg,Nanowires/L6_2633d39ffb6e8434dda67490cb5af007.jpg,2,0.997
Nanowires/L6_533b2204317f29062942f43800de1278.jpg,Nanowires/L6_99833cc129ad50908b02b703b04cdf29.jpg,2,0.997
Nanowires/L6_259e52925acd1822b2795a1380d9fc06.jpg,Nanowires/L6_7fc6ed2db586373162d251d0c5efed2e.jpg,2,0.997
Nanowires/L6_f893d2a1076925de30f9003e432e1499.jpg,Nanowires/L6_64c6ff5213af1aadb98629b666be0bf6.jpg,2,0.997
Particles/L2_8c3e9246ce2d949c83ffb115e772e2fb.jpg,Particles/L2_7652f27d83b8cb794e5235b8cd48e05c.jpg,2,0.997
Particles/L2_1a92781ff7cbf92c17a9608c16974b09.jpg,Particles/L2_0e346731b6a3748a85a90f8e646847fb.jpg,2,0.997
Particles/L2_19063adb6f7fbbb441e616f027480cbc.jpg,Particles/L2_e7df7a6ba1727f15487f5a79c9828059.jpg,2,0.997
Particles/L2_19063adb6f7fbbb441e616f027480cbc.jpg,Patterned_surface/L1_4cd72ecda50948f6e173bccf7b272cd3.jpg,2,0.997
Particles/L2_19063adb6f7fbbb441e616f027480cbc.jpg,Patterned_surface/L1_4fda5c740bc1bf4a4154ea4d6345c66a.jpg,2,0.997
Particles/L2_19063adb6f7fbbb441e616f027480cbc.jpg,Patterned_surface/L1_bedd8a77cbe3a2f9771f6263f23fb9a1.jpg,2,0.997
Particles/L2_19063adb6f7fbbb441e616f027480cbc.jpg,Patterned_surface/L1_61f6cbc719307a4a14388e2dd99b49fd.jpg,2,0.997
Particles/L2_3ecd768ce2f5423b3dbad5e658814f6b.jpg,Particles/L2_48563ed5085b01514bcd5796848d41c7.jpg,2,0.997
Particles/L2_bc9d6dc883496ef4231264cec3193480.jpg,Particles/L2_777b40f2e1fe2401313ab1c8cda2fd65.jpg,2,0.997
Particles/L2_67b5f69b8f1e64ec34d9ca3f41bb87d4.jpg,Particles/L2_43eeba07bc19fa223cc4bd6387be18da.jpg,2,0.997
Particles/L2_3fec5418f847445ebe97a15274fda64d.jpg,Particles/L2_d3409494c8e873cd8dcdfc6aaa6ab48c.jpg,2,0.997
Particles/L2_3fec5418f847445ebe97a15274fda64d.jpg,Patterned_surface/L1_4fda5c740bc1bf4a4154ea4d6345c66a.jpg,2,0.997
Particles/L2_3fec5418f847445ebe97a15274fda64d.jpg,Patterned_surface/L1_2faa27fc795072c0fa487c1a4228258e.jpg,2,0.997
Particles/L2_ab36988c3774f3c2647b2e6e2737ed33.jpg,Particles/L2_08826aabf7965bd9fdc5bb6d5b3f0fca.jpg,2,0.997
Particles/L2_15b8dae606037aef862886417b85bae2.jpg,Particles/L2_cc8a7b8d3920aed9de0f56a59f2a77cb.jpg,2,0.997
Particles/L2_dae99d5241bd4c177ce1d078ccb0dad7.jpg,Particles/L2_83138c0b7bd054c362bf85a9174d7883.jpg,2,0.997
Particles/L2_dae99d5241bd4c177ce1d078ccb0dad7.jpg,Patterned_surface/L1_5402e585c67209451c5f640d42884d79.jpg,2,0.997
Particles/L2_dae99d5241bd4c177ce1d078ccb0dad7.jpg,Patterned_surface/L1_17352db8bfcc27adc16898598fcbcec9.jpg,2,0.997
Particles/L2_ba2edb8a9f9a652cdcd874f0e554fa90.jpg,Particles/L2_cc8a7b8d3920aed9de0f56a59f2a77cb.jpg,2,0.997
Particles/L2_ba2edb8a9f9a652cdcd874f0e554fa90.jpg,Particles/L2_933f1e2364ff7de3d3aa08c419d273d6.jpg,2,0.997
Particles/L2_8336b81fd57856fa581863bafd18fa9b.jpg,Particles/L2_14d217d1208a77e55150b5e0df1f6ff2.jpg,2,0.997
Particles/L2_713c85c1e09e57f127890517d60f94bc.jpg,Particles/L2_fe00d6aca0d79767c24c2ea8e3fd5ddd.jpg,2,0.997
Particles/L2_bc176fad029e42be3c0ec59b8d2acc27.jpg,Particles/L2_a887e721869e76ef603f6e2863247c00.jpg,2,0.997
Particles/L2_bc176fad029e42be3c0ec59b8d2acc27.jpg,Particles/L2_25508ba490db0440cb48669886ae0c86.jpg,2,0.997
Particles/L2_bc176fad029e42be3c0ec59b8d2acc27.jpg,Particles/L2_83138c0b7bd054c362bf85a9174d7883.jpg,2,0.997
Particles/L2_bc176fad029e42be3c0ec59b8d2acc27.jpg,Patterned_surface/L1_b12d11b6111ba8ba078ab57bea8fe96b.jpg,2,0.997
Particles/L2_bc176fad029e42be3c0ec59b8d2acc27.jpg,Patterned_surface/L1_bde34242a76037599dd403d1f6ea41e7.jpg,2,0.997
Particles/L2_5d26ee519247a8b011139aded6a5d9f6.jpg,Particles/L2_f6b48aac13a1a60593d78fcea227e552.jpg,2,0.997
Particles/L2_5d26ee519247a8b011139aded6a5d9f6.jpg,Particles/L2_54a16ffcbecaef39b16e5cf7d0d59851.jpg,2,0.997
Particles/L2_de53da736e9ab794b3c998f17b09c3d0.jpg,Particles/L2_276ece5f845de7cf395bce8a1a0995cf.jpg,2,0.997
Particles/L2_276ece5f845de7cf395bce8a1a0995cf.jpg,Particles/L2_d863d69e93a1f7420ffe60452faf7580.jpg,2,0.997
Particles/L2_5a1c7605988339b8003657eff91f7010.jpg,Particles/L2_fe00d6aca0d79767c24c2ea8e3fd5ddd.jpg,2,0.997
Particles/L2_515c3edef47188d0f5e52ba5e0031920.jpg,Particles/L2_bc169c288989554d7f77d16318993d7e.jpg,2,0.997
Particles/L2_1138fcfda3766e21224e6d9ba7669790.jpg,Patterned_surface/L1_3d5c0ab0e3bf6332f146773ea39be21e.jpg,2,0.997
Particles/L2_46791b87b794da755b42eb8505ebc5e7.jpg,Particles/L2_f57990cb45c3b9be5eeadb02db7286c3.jpg,2,0.997
Particles/L2_825f150a1cd0a9a373468f001abb72d1.jpg,Particles/L2_92c39a8afbf90d2fe40d2c6ddbc19660.jpg,2,0.997
Particles/L2_2c8e50ec54bbee46b07bd169dc435cd2.jpg,Particles/L2_717b742292ef18f2be24aea08d039203.jpg,2,0.997
Particles/L2_bb15e620a751898c793ab51be1f15282.jpg,Particles/L2_408b2a5b623dadd5308116fa85a975ca.jpg,2,0.997
Particles/L2_e4624d1518be6e102b56c8947e91cf56.jpg,Particles/L2_a887e721869e76ef603f6e2863247c00.jpg,2,0.997
Particles/L2_f858c4621c00829de73e3d5c0b65e847.jpg,Particles/L2_e947779acf6ed6ce210e394bda5c0122.jpg,2,0.997
Particles/L2_f858c4621c00829de73e3d5c0b65e847.jpg,Particles/L2_e074228e2a7891e7defc9f0b98df464e.jpg,2,0.997
Particles/L2_a887e721869e76ef603f6e2863247c00.jpg,Particles/L2_514a8e2ef97b718f9833b5c75096270f.jpg,2,0.997
Particles/L2_a887e721869e76ef603f6e2863247c00.jpg,Patterned_surface/L1_4cd72ecda50948f6e173bccf7b272cd3.jpg,2,0.997
Particles/L2_0e346731b6a3748a85a90f8e646847fb.jpg,Particles/L2_326a61edb8a0a4c7984a225e14f648b1.jpg,2,0.997
Particles/L2_cc8a7b8d3920aed9de0f56a59f2a77cb.jpg,Particles/L2_4f87bb2b38dccf6afe3e4601ba78c080.jpg,2,0.997
Particles/L2_cc8a7b8d3920aed9de0f56a59f2a77cb.jpg,Particles/L2_84df502d90f194504e3ee2f458d32911.jpg,2,0.997
Particles/L2_cc8a7b8d3920aed9de0f56a59f2a77cb.jpg,Particles/L2_7edadea8b0199e42b62843ce7f2dc3c0.jpg,2,0.997
Particles/L2_f6ad5e67023ad56c3c8c123cfc3167eb.jpg,Particles/L2_e074228e2a7891e7defc9f0b98df464e.jpg,2,0.997
Particles/L2_c6284f99519bfce2ce571cfefbcb2077.jpg,Particles/L2_f6b48aac13a1a60593d78fcea227e552.jpg,2,0.997
Particles/L2_c6284f99519bfce2ce571cfefbcb2077.jpg,Particles/L2_68273db3f5e1dee641a0fcba5dcf52bd.jpg,2,0.997
Particles/L2_c6284f99519bfce2ce571cfefbcb2077.jpg,Particles/L2_4f87bb2b38dccf6afe3e4601ba78c080.jpg,2,0.997
Particles/L2_c6284f99519bfce2ce571cfefbcb2077.jpg,Particles/L2_7edadea8b0199e42b62843ce7f2dc3c0.jpg,2,0.997
Particles/L2_3aed43e562ae27b080a007a7a55e425a.jpg,Particles/L2_b4691762ebf96b3fe16d72714191c25f.jpg,2,0.997
Particles/L2_96008f403ed393997eb3204cc2014589.jpg,Particles/L2_84df502d90f194504e3ee2f458d32911.jpg,2,0.997
Particles/L2_53736d5c4a858dfe9558bb76f45f21f5.jpg,Patterned_surface/L1_5021643b38cdd1295977413fcb253aeb.jpg,2,0.997
Particles/L2_799193501b0942ab094bbbd43db12a50.jpg,Particles/L2_b219c32c74fda58be453af2f219a5f8a.jpg,2,0.997
Particles/L2_f6b48aac13a1a60593d78fcea227e552.jpg,Particles/L2_14d217d1208a77e55150b5e0df1f6ff2.jpg,2,0.997
Particles/L2_f6b48aac13a1a60593d78fcea227e552.jpg,Particles/L2_c51d17ae9cb794e1a6985e059ebe31cd.jpg,2,0.997
Particles/L2_e05cee34e55ecf20f4aab558b5f06bbc.jpg,Particles/L2_376cca97aaf01f1af601e300041340b8.jpg,2,0.997
Particles/L2_834a90b89171c526884e34e3287edca0.jpg,Particles/L2_c05d8d36163942ee1ac42459536a066d.jpg,2,0.997
Particles/L2_df87cd4c2e6d8808f057797549da9bbb.jpg,Particles/L2_48563ed5085b01514bcd5796848d41c7.jpg,2,0.997
Particles/L2_e7df7a6ba1727f15487f5a79c9828059.jpg,Particles/L2_50be24fcc3f85b18c853b7265ccd62a1.jpg,2,0.997
Particles/L2_e7df7a6ba1727f15487f5a79c9828059.jpg,Patterned_surface/L1_7273140cd90dc4da81f41dc60a87b345.jpg,2,0.997
Particles/L2_e7df7a6ba1727f15487f5a79c9828059.jpg,Patterned_surface/L1_b12d11b6111ba8ba078ab57bea8fe96b.jpg,2,0.997
Particles/L2_e7df7a6ba1727f15487f5a79c9828059.jpg,Patterned_surface/L1_bde34242a76037599dd403d1f6ea41e7.jpg,2,0.997
Particles/L2_50be24fcc3f85b18c853b7265ccd62a1.jpg,Particles/L2_d63db9df3014732011e7cca9964f3cfb.jpg,2,0.997
Particles/L2_d0c471a10b2801c742396882d8a8c658.jpg,Particles/L2_83138c0b7bd054c362bf85a9174d7883.jpg,2,0.997
Particles/L2_c05d8d36163942ee1ac42459536a066d.jpg,Particles/L2_fc022b227491d3fafa5bbd5a0de56064.jpg,2,0.997
Particles/L2_c05d8d36163942ee1ac42459536a066d.jpg,Particles/L2_4f87bb2b38dccf6afe3e4601ba78c080.jpg,2,0.997
Particles/L2_c05d8d36163942ee1ac42459536a066d.jpg,Particles/L2_7edadea8b0199e42b62843ce7f2dc3c0.jpg,2,0.997
Particles/L2_32d7b650cb4109d98cd245ba1d9f5185.jpg,Particles/L2_933f1e2364ff7de3d3aa08c419d273d6.jpg,2,0.997
Particles/L2_6116f64e36ad908bde51faaa794d1ffe.jpg,Patterned_surface/L1_17352db8bfcc27adc16898598fcbcec9.jpg,2,0.997
Particles/L2_0548c26081aab812b62045e72d931645.jpg,Patterned_surface/L1_61f6cbc719307a4a14388e2dd99b49fd.jpg,2,0.997
Particles/L2_31cdb14e7a3d2496ead9578f57b1668d.jpg,Particles/L2_358e6c4544e48a7440d3cb31b7eb6b87.jpg,2,0.997
Particles/L2_500640d62182aba98cd8f0dd13a6af62.jpg,Tips/L5_a194368d94f0b05b03639c9fa8113cb7.jpg,2,0.997
Particles/L2_92fd0e74bbb8d3b168503ebe6a62ce51.jpg,Patterned_surface/L1_9f7bab7ce5f40423e95903a4db081b79.jpg,2,0.997
Particles/L2_fc022b227491d3fafa5bbd5a0de56064.jpg,Particles/L2_023e56d1fecc3e4e43ce4108f0063704.jpg,2,0.997
Particles/L2_d63db9df3014732011e7cca9964f3cfb.jpg,Patterned_surface/L1_077418f8e0bda12aee970faaf1cb5a26.jpg,2,0.997
Particles/L2_c51d17ae9cb794e1a6985e059ebe31cd.jpg,Particles/L2_84df502d90f194504e3ee2f458d32911.jpg,2,0.997
Particles/L2_25508ba490db0440cb48669886ae0c86.jpg,Particles/L2_514a8e2ef97b718f9833b5c75096270f.jpg,2,0.997
Particles/L2_023e56d1fecc3e4e43ce4108f0063704.jpg,Particles/L2_84df502d90f194504e3ee2f458d32911.jpg,2,0.997
Particles/L2_43c8992f20f67a30f536fc82bbc999b1.jpg,Particles/L2_e09a7774944707fad85d4fe36c255140.jpg,2,0.997
Particles/L2_d3409494c8e873cd8dcdfc6aaa6ab48c.jpg,Patterned_surface/L1_6250d1cad4e95bff26ae56f4595c9f70.jpg,2,0.997
Particles/L2_d3409494c8e873cd8dcdfc6aaa6ab48c.jpg,Patterned_surface/L1_877ab3c3554c4ab85d4c4f8ec6209824.jpg,2,0.997
Particles/L2_930aa52a4dc7fa17c084a1d76506623b.jpg,Particles/L2_514a8e2ef97b718f9833b5c75096270f.jpg,2,0.997
Particles/L2_930aa52a4dc7fa17c084a1d76506623b.jpg,Patterned_surface/L1_b12d11b6111ba8ba078ab57bea8fe96b.jpg,2,0.997
Particles/L2_514a8e2ef97b718f9833b5c75096270f.jpg,Patterned_surface/L1_b12d11b6111ba8ba078ab57bea8fe96b.jpg,2,0.997
Particles/L2_fe00d6aca0d79767c24c2ea8e3fd5ddd.jpg,Particles/L2_4f87bb2b38dccf6afe3e4601ba78c080.jpg,2,0.997
Particles/L2_fe00d6aca0d79767c24c2ea8e3fd5ddd.jpg,Particles/L2_cfbbbba178d0b7d9b45a552ec5b97a60.jpg,2,0.997
Particles/L2_fe00d6aca0d79767c24c2ea8e3fd5ddd.jpg,Particles/L2_7edadea8b0199e42b62843ce7f2dc3c0.jpg,2,0.997
Patterned_surface/L1_5e2a61ab85efac1b0425d065a7f3795f.jpg,Patterned_surface/L1_4fda5c740bc1bf4a4154ea4d6345c66a.jpg,2,0.997
Patterned_surface/L1_077418f8e0bda12aee970faaf1cb5a26.jpg,Patterned_surface/L1_7273140cd90dc4da81f41dc60a87b345.jpg,2,0.997
Patterned_surface/L1_077418f8e0bda12aee970faaf1cb5a26.jpg,Patterned_surface/L1_b12d11b6111ba8ba078ab57bea8fe96b.jpg,2,0.997
Patterned_surface/L1_077418f8e0bda12aee970faaf1cb5a26.jpg,Patterned_surface/L1_bde34242a76037599dd403d1f6ea41e7.jpg,2,0.997
Patterned_surface/L1_488d080266bea018616335c0ce3e6116.jpg,Patterned_surface/L1_eccc4f91d7e5f7f3af826c7893cc4b4d.jpg,2,0.997
Patterned_surface/L1_4fda5c740bc1bf4a4154ea4d6345c66a.jpg,Patterned_surface/L1_f6d44fefc02e816516edc79d441a9781.jpg,2,0.997
Patterned_surface/L1_bedd8a77cbe3a2f9771f6263f23fb9a1.jpg,Patterned_surface/L1_7273140cd90dc4da81f41dc60a87b345.jpg,2,0.997
Patterned_surface/L1_bedd8a77cbe3a2f9771f6263f23fb9a1.jpg,Patterned_surface/L1_b12d11b6111ba8ba078ab57bea8fe96b.jpg,2,0.997
Patterned_surface/L1_7273140cd90dc4da81f41dc60a87b345.jpg,Patterned_surface/L1_61f6cbc719307a4a14388e2dd99b49fd.jpg,2,0.997
Patterned_surface/L1_7273140cd90dc4da81f41dc60a87b345.jpg,Patterned_surface/L1_2faa27fc795072c0fa487c1a4228258e.jpg,2,0.997
Patterned_surface/L1_7273140cd90dc4da81f41dc60a87b345.jpg,Patterned_surface/L1_17352db8bfcc27adc16898598fcbcec9.jpg,2,0.997
Patterned_surface/L1_61f6cbc719307a4a14388e2dd99b49fd.jpg,Patterned_surface/L1_0aceacb0b3bbb83e38dd3f314b5b61b8.jpg,2,0.997
Patterned_surface/L1_61f6cbc719307a4a14388e2dd99b49fd.jpg,Patterned_surface/L1_75fc5e2d441cdf98c4c32cae7318d74b.jpg,2,0.997
Patterned_surface/L1_f6d44fefc02e816516edc79d441a9781.jpg,Patterned_surface/L1_c8d85388ecac2c2371cfa519b7b5e68c.jpg,2,0.997
Patterned_surface/L1_75fc5e2d441cdf98c4c32cae7318d74b.jpg,Patterned_surface/L1_ad52a2a4a7f5b4309c2a4114a9ede85c.jpg,2,0.997
Patterned_surface/L1_b12d11b6111ba8ba078ab57bea8fe96b.jpg,Patterned_surface/L1_2faa27fc795072c0fa487c1a4228258e.jpg,2,0.997
Patterned_surface/L1_b12d11b6111ba8ba078ab57bea8fe96b.jpg,Patterned_surface/L1_17352db8bfcc27adc16898598fcbcec9.jpg,2,0.997
Patterned_surface/L1_44b86bd20731b1604b0ec2437b3321a3.jpg,Patterned_surface/L1_02e52d50c1bcd4444da9de2319e1b2df.jpg,2,0.997
Patterned_surface/L1_097df3006ff390af45ed962adf3ec9c0.jpg,Patterned_surface/L1_6fd96cec197769f696fd1625d5b07e82.jpg,2,0.997
Patterned_surface/L1_6f3124f44bd5d99e3ae7d4123f7d6881.jpg,Patterned_surface/L1_6250d1cad4e95bff26ae56f4595c9f70.jpg,2,0.997
Patterned_surface/L1_7b1ba11bd6d31d66a1f00eef3ebd40d8.jpg,Patterned_surface/L1_bde34242a76037599dd403d1f6ea41e7.jpg,2,0.997
Porous_Sponge/L0_2e08300d0ac85d68d5ae519744e16a2d.jpg,Porous_Sponge/L0_8cb9d31d4bc58bb514184cc6eddace33.jpg,2,0.997
Tips/L5_2930ec54e815f9d3448b1e7cc19a9adb.jpg,Tips/L5_324d10b8a3a3d35531e7bc0cac151fcb.jpg,2,0.997
Biological/L7_f01ded7cdae8b7a28d95caa22e2d9d28.jpg,Biological/L7_ddd86ecd4977364da67eb5dde4e40dc7.jpg,2,0.996
Films_Coated_Surface/L3_deb51c4f2bcd21b20bf48c8d9f2464c7.jpg,Films_Coated_Surface/L3_b62aa2111b3b41d3bef4b771b82094be.jpg,2,0.996
Films_Coated_Surface/L3_4ad61203f1f367f138e20ac9cd6589d5.jpg,Films_Coated_Surface/L3_f644c6b6e02e71bfd0ba961731c4991d.jpg,2,0.996
Films_Coated_Surface/L3_f4ff10cd0373bb873d02ac5e24ef0c2e.jpg,Films_Coated_Surface/L3_b62aa2111b3b41d3bef4b771b82094be.jpg,2,0.996
Films_Coated_Surface/L3_f644c6b6e02e71bfd0ba961731c4991d.jpg,Films_Coated_Surface/L3_4ce081b44b1f487d1aefa4c6d0707fa1.jpg,2,0.996
MEMS_devices_and_electrodes/L8_b76ceeda7b2214c6da42e70231d65387.jpg,MEMS_devices_and_electrodes/L8_42b3b5e84b692973509196c429181249.jpg,2,0.996
MEMS_devices_and_electrodes/L8_b3fbde60226f814dab983a8f3ec09191.jpg,MEMS_devices_and_electrodes/L8_0d6a3904ce0eaee2e7150377144b93cc.jpg,2,0.996
MEMS_devices_and_electrodes/L8_104f86959e113a0e20b2d73d649b3072.jpg,MEMS_devices_and_electrodes/L8_3edd1d2655da67336960843c7eb1ea1c.jpg,2,0.996
MEMS_devices_and_electrodes/L8_e7af6a38093854387c86b5b6fdbf2095.jpg,MEMS_devices_and_electrodes/L8_1f37362351e02318230b67d19fda4824.jpg,2,0.996
MEMS_devices_and_electrodes/L8_e7af6a38093854387c86b5b6fdbf2095.jpg,MEMS_devices_and_electrodes/L8_a6635f1e8093bef50f7eafddf9f9b665.jpg,2,0.996
MEMS_devices_and_electrodes/L8_9e69ca94319df20c2a7b754289c0082d.jpg,MEMS_devices_and_electrodes/L8_edcfa10fa79d5808f4183590e94ae188.jpg,2,0.996
MEMS_devices_and_electrodes/L8_4ed4ac850401d6555ea0513ca2c53e9e.jpg,MEMS_devices_and_electrodes/L8_03dd103284546f42140f30d7a0d804bb.jpg,2,0.996
MEMS_devices_and_electrodes/L8_45f31c2dd52e357d56888d5b56b97109.jpg,MEMS_devices_and_electrodes/L8_edcfa10fa79d5808f4183590e94ae188.jpg,2,0.996
MEMS_devices_and_electrodes/L8_8c50105e11cb1eed791a0f740dc03b2f.jpg,MEMS_devices_and_electrodes/L8_6845c1cecfc7fb41f7a0b44cfbe35efd.jpg,2,0.996
MEMS_devices_and_electrodes/L8_a5ea4d8010a7343ff8c7621f9747cbf6.jpg,MEMS_devices_and_electrodes/L8_edcfa10fa79d5808f4183590e94ae188.jpg,2,0.996
Nanowires/L6_20b3d37ce0aee066383eae26b59a627b.jpg,Nanowires/L6_ff6634d6fb8a95ab26edda7b6970f1c5.jpg,2,0.996
Nanowires/L6_2e2f10a2358ed5cf2befabcd7065e54a.jpg,Nanowires/L6_2135fb3c612930b66593281572be29c6.jpg,2,0.996
Nanowires/L6_90315c24a4dde890493da58c725769b8.jpg,Nanowires/L6_93bfb569bed15212bcded2608bf3e94e.jpg,2,0.996
Nanowires/L6_15df15238a1a7e82d3e42f27284ff36f.jpg,Nanowires/L6_619a797c3b8d32fad7ed9595ab244db4.jpg,2,0.996
Nanowires/L6_15df15238a1a7e82d3e42f27284ff36f.jpg,Nanowires/L6_059c251c8adb5ae72e557390b76e7a5a.jpg,2,0.996
Nanowires/L6_8b7308dbf10423554227d0a6570ec021.jpg,Patterned_surface/L1_bde34242a76037599dd403d1f6ea41e7.jpg,2,0.996
Nanowires/L6_53df155103238cad83ba9c10c32c061e.jpg,Nanowires/L6_9e10140e4f14307871cd916f554183ed.jpg,2,0.996
Nanowires/L6_d1ba566e2aee22f3214355b3cd526a8c.jpg,Nanowires/L6_46891e9002d0fc29ee59ac262da17370.jpg,2,0.996
Nanowires/L6_5b83db46cc464078c0a08e42c0d9ec24.jpg,Nanowires/L6_aac0c296e642b8307c7fc51e382333ef.jpg,2,0.996
Nanowires/L6_150c33b337aedc88daf8497495860f05.jpg,Patterned_surface/L1_bde34242a76037599dd403d1f6ea41e7.jpg,2,0.996
Nanowires/L6_3ce5d6bbb6922e9aabd960737ab686bd.jpg,Nanowires/L6_9e10140e4f14307871cd916f554183ed.jpg,2,0.996
Nanowires/L6_db36baf255ae4a201c3019e4eb350527.jpg,Nanowires/L6_c89bcff2114cc077b6bf35a50764a5f2.jpg,2,0.996
Nanowires/L6_16b9453719384f0ad0aafc607fbe5cde.jpg,Nanowires/L6_46891e9002d0fc29ee59ac262da17370.jpg,2,0.996
Particles/L2_19063adb6f7fbbb441e616f027480cbc.jpg,Particles/L2_a887e721869e76ef603f6e2863247c00.jpg,2,0.996
Particles/L2_19063adb6f7fbbb441e616f027480cbc.jpg,Particles/L2_a7b10826e7044653c7d4d5e9d25ba81f.jpg,2,0.996
Particles/L2_19063adb6f7fbbb441e616f027480cbc.jpg,Patterned_surface/L1_077418f8e0bda12aee970faaf1cb5a26.jpg,2,0.996
Particles/L2_19063adb6f7fbbb441e616f027480cbc.jpg,Patterned_surface/L1_fdea28f8ecfd1e2612dab9da74a6a5eb.jpg,2,0.996
Particles/L2_19063adb6f7fbbb441e616f027480cbc.jpg,Patterned_surface/L1_2faa27fc795072c0fa487c1a4228258e.jpg,2,0.996
Particles/L2_5349c78c00b7507002726735cd00ac68.jpg,Tips/L5_db501e60edf401d783845991e50e07f7.jpg,2,0.996
Particles/L2_3fec5418f847445ebe97a15274fda64d.jpg,Particles/L2_930aa52a4dc7fa17c084a1d76506623b.jpg,2,0.996
Particles/L2_b2dbd0816a732c37f8e0c8c085c3da8c.jpg,Particles/L2_7652f27d83b8cb794e5235b8cd48e05c.jpg,2,0.996
Particles/L2_dae99d5241bd4c177ce1d078ccb0dad7.jpg,Patterned_surface/L1_bde34242a76037599dd403d1f6ea41e7.jpg,2,0.996
Particles/L2_4a16a546a9b010bfebc80b95d6ea801a.jpg,Particles/L2_97ce929793ed90565573bad481cfe97e.jpg,2,0.996
Particles/L2_4a16a546a9b010bfebc80b95d6ea801a.jpg,Particles/L2_933f1e2364ff7de3d3aa08c419d273d6.jpg,2,0.996
Particles/L2_ba2edb8a9f9a652cdcd874f0e554fa90.jpg,Particles/L2_834a90b89171c526884e34e3287edca0.jpg,2,0.996
Particles/L2_ba2edb8a9f9a652cdcd874f0e554fa90.jpg,Particles/L2_fc022b227491d3fafa5bbd5a0de56064.jpg,2,0.996
Particles/L2_ba2edb8a9f9a652cdcd874f0e554fa90.jpg,Particles/L2_4f87bb2b38dccf6afe3e4601ba78c080.jpg,2,0.996
Particles/L2_ba2edb8a9f9a652cdcd874f0e554fa90.jpg,Particles/L2_7edadea8b0199e42b62843ce7f2dc3c0.jpg,2,0.996
Particles/L2_d9d7166533b6979b2fcbe53c4afd47ff.jpg,Particles/L2_25508ba490db0440cb48669886ae0c86.jpg,2,0.996
Particles/L2_d9d7166533b6979b2fcbe53c4afd47ff.jpg,Particles/L2_7a72c462193d1d6d011419e70dffbefe.jpg,2,0.996
Particles/L2_8336b81fd57856fa581863bafd18fa9b.jpg,Particles/L2_0c5e66e8b083934ced3409cc6288f6e5.jpg,2,0.996
Particles/L2_713c85c1e09e57f127890517d60f94bc.jpg,Particles/L2_5a1c7605988339b8003657eff91f7010.jpg,2,0.996
Particles/L2_bc176fad029e42be3c0ec59b8d2acc27.jpg,Particles/L2_d63db9df3014732011e7cca9964f3cfb.jpg,2,0.996
Particles/L2_bc176fad029e42be3c0ec59b8d2acc27.jpg,Patterned_surface/L1_5e2a61ab85efac1b0425d065a7f3795f.jpg,2,0.996
Particles/L2_bc176fad029e42be3c0ec59b8d2acc27.jpg,Patterned_surface/L1_f6d44fefc02e816516edc79d441a9781.jpg,2,0.996
Particles/L2_a6b30552e6615b94adc64c4b3d54de24.jpg,Patterned_surface/L1_5402e585c67209451c5f640d42884d79.jpg,2,0.996
Particles/L2_b38e3c0291f76cc65a2aec24cc53aabf.jpg,Particles/L2_930aa52a4dc7fa17c084a1d76506623b.jpg,2,0.996
Particles/L2_5a1c7605988339b8003657eff91f7010.jpg,Particles/L2_68273db3f5e1dee641a0fcba5dcf52bd.jpg,2,0.996
Particles/L2_5a1c7605988339b8003657eff91f7010.jpg,Particles/L2_4f87bb2b38dccf6afe3e4601ba78c080.jpg,2,0.996
Particles/L2_5a1c7605988339b8003657eff91f7010.jpg,Particles/L2_cfbbbba178d0b7d9b45a552ec5b97a60.jpg,2,0.996
Particles/L2_46791b87b794da755b42eb8505ebc5e7.jpg,Patterned_surface/L1_6f3124f44bd5d99e3ae7d4123f7d6881.jpg,2,0.996
Particles/L2_a887e721869e76ef603f6e2863247c00.jpg,Particles/L2_83138c0b7bd054c362bf85a9174d7883.jpg,2,0.996
Particles/L2_a887e721869e76ef603f6e2863247c00.jpg,Patterned_surface/L1_097df3006ff390af45ed962adf3ec9c0.jpg,2,0.996
Particles/L2_f6ad5e67023ad56c3c8c123cfc3167eb.jpg,Particles/L2_e947779acf6ed6ce210e394bda5c0122.jpg,2,0.996
Particles/L2_6ebe8ce2e3b798716dcfcd1f4aa1380c.jpg,Particles/L2_fc022b227491d3fafa5bbd5a0de56064.jpg,2,0.996
Particles/L2_6ebe8ce2e3b798716dcfcd1f4aa1380c.jpg,Particles/L2_933f1e2364ff7de3d3aa08c419d273d6.jpg,2,0.996
Particles/L2_799193501b0942ab094bbbd43db12a50.jpg,Particles/L2_3fae63c7749373fc0e2369a76888cb1d.jpg,2,0.996
Particles/L2_97ce929793ed90565573bad481cfe97e.jpg,Particles/L2_933f1e2364ff7de3d3aa08c419d273d6.jpg,2,0.996
Particles/L2_834a90b89171c526884e34e3287edca0.jpg,Particles/L2_4f87bb2b38dccf6afe3e4601ba78c080.jpg,2,0.996
Particles/L2_834a90b89171c526884e34e3287edca0.jpg,Particles/L2_84df502d90f194504e3ee2f458d32911.jpg,2,0.996
Particles/L2_834a90b89171c526884e34e3287edca0.jpg,Particles/L2_7edadea8b0199e42b62843ce7f2dc3c0.jpg,2,0.996
Particles/L2_e7df7a6ba1727f15487f5a79c9828059.jpg,Patterned_surface/L1_077418f8e0bda12aee970faaf1cb5a26.jpg,2,0.996
Particles/L2_50be24fcc3f85b18c853b7265ccd62a1.jpg,Patterned_surface/L1_8a4460dae68117b4dceda8bf94e9276d.jpg,2,0.996
Particles/L2_9094903a94afb7a8491f53b14ac046f1.jpg,Particles/L2_e0a62b27abfe4ee9acf4d0080f7a86cc.jpg,2,0.996
Particles/L2_a7b10826e7044653c7d4d5e9d25ba81f.jpg,Patterned_surface/L1_097df3006ff390af45ed962adf3ec9c0.jpg,2,0.996
Particles/L2_d0c471a10b2801c742396882d8a8c658.jpg,Particles/L2_d3409494c8e873cd8dcdfc6aaa6ab48c.jpg,2,0.996
Particles/L2_183f14b7de5062b264ed507c12f2aa4b.jpg,Particles/L2_b219c32c74fda58be453af2f219a5f8a.jpg,2,0.996
Particles/L2_32d7b650cb4109d98cd245ba1d9f5185.jpg,Particles/L2_fc022b227491d3fafa5bbd5a0de56064.jpg,2,0.996
Particles/L2_f57990cb45c3b9be5eeadb02db7286c3.jpg,Patterned_surface/L1_61f6cbc719307a4a14388e2dd99b49fd.jpg,2,0.996
Particles/L2_92c39a8afbf90d2fe40d2c6ddbc19660.jpg,Particles/L2_358e6c4544e48a7440d3cb31b7eb6b87.jpg,2,0.996
Particles/L2_0548c26081aab812b62045e72d931645.jpg,Patterned_surface/L1_bedd8a77cbe3a2f9771f6263f23fb9a1.jpg,2,0.996
Particles/L2_0548c26081aab812b62045e72d931645.jpg,Patterned_surface/L1_0aceacb0b3bbb83e38dd3f314b5b61b8.jpg,2,0.996
Particles/L2_d587c23a4768283762d67606c6d5b921.jpg,Particles/L2_c0fde786843315fc98f14ca57530b29e.jpg,2,0.996
Particles/L2_fc022b227491d3fafa5bbd5a0de56064.jpg,Particles/L2_dd22f4c649953f95a526526d686b450b.jpg,2,0.996
Particles/L2_d63db9df3014732011e7cca9964f3cfb.jpg,Patterned_surface/L1_dee38c964aaef0ddfc5e416d8eb8c15c.jpg,2,0.996
Particles/L2_d63db9df3014732011e7cca9964f3cfb.jpg,Patterned_surface/L1_bedd8a77cbe3a2f9771f6263f23fb9a1.jpg,2,0.996
Particles/L2_d63db9df3014732011e7cca9964f3cfb.jpg,Patterned_surface/L1_0aceacb0b3bbb83e38dd3f314b5b61b8.jpg,2,0.996
Particles/L2_d63db9df3014732011e7cca9964f3cfb.jpg,Patterned_surface/L1_75fc5e2d441cdf98c4c32cae7318d74b.jpg,2,0.996
Particles/L2_d63db9df3014732011e7cca9964f3cfb.jpg,Patterned_surface/L1_faaea346e26b3854a2f1059f2416d42f.jpg,2,0.996
Particles/L2_25508ba490db0440cb48669886ae0c86.jpg,Patterned_surface/L1_097df3006ff390af45ed962adf3ec9c0.jpg,2,0.996
Particles/L2_29e1a7ad610ccd0c17ee61e045ea93da.jpg,Particles/L2_930aa52a4dc7fa17c084a1d76506623b.jpg,2,0.996
Particles/L2_930aa52a4dc7fa17c084a1d76506623b.jpg,Particles/L2_2822ca703fdf117e9c68558e8eedcdc0.jpg,2,0.996
Particles/L2_930aa52a4dc7fa17c084a1d76506623b.jpg,Patterned_surface/L1_077418f8e0bda12aee970faaf1cb5a26.jpg,2,0.996
Particles/L2_514a8e2ef97b718f9833b5c75096270f.jpg,Patterned_surface/L1_4fda5c740bc1bf4a4154ea4d6345c66a.jpg,2,0.996
Particles/L2_514a8e2ef97b718f9833b5c75096270f.jpg,Patterned_surface/L1_6fd96cec197769f696fd1625d5b07e82.jpg,2,0.996
Particles/L2_2ec895790dd2dc317ff62bcf4315526d.jpg,Particles/L2_b219c32c74fda58be453af2f219a5f8a.jpg,2,0.996
Particles/L2_05547aab4b59321d94efcd7d5cd6812f.jpg,Particles/L2_4835ca5b561e63202e9173945a58011d.jpg,2,0.996
Particles/L2_68273db3f5e1dee641a0fcba5dcf52bd.jpg,Particles/L2_4f87bb2b38dccf6afe3e4601ba78c080.jpg,2,0.996
Particles/L2_4f87bb2b38dccf6afe3e4601ba78c080.jpg,Particles/L2_84df502d90f194504e3ee2f458d32911.jpg,2,0.996
Particles/L2_84df502d90f194504e3ee2f458d32911.jpg,Particles/L2_7edadea8b0199e42b62843ce7f2dc3c0.jpg,2,0.996
Particles/L2_1c8908e673e78f2ac7983b91bc442c0e.jpg,Patterned_surface/L1_3d5c0ab0e3bf6332f146773ea39be21e.jpg,2,0.996
Patterned_surface/L1_077418f8e0bda12aee970faaf1cb5a26.jpg,Patterned_surface/L1_097df3006ff390af45ed962adf3ec9c0.jpg,2,0.996
Patterned_surface/L1_077418f8e0bda12aee970faaf1cb5a26.jpg,Patterned_surface/L1_2faa27fc795072c0fa487c1a4228258e.jpg,2,0.996
Patterned_surface/L1_4cd72ecda50948f6e173bccf7b272cd3.jpg,Patterned_surface/L1_61f6cbc719307a4a14388e2dd99b49fd.jpg,2,0.996
Patterned_surface/L1_4cd72ecda50948f6e173bccf7b272cd3.jpg,Patterned_surface/L1_f9e22624c10ded7a0ef37fef8b4e2898.jpg,2,0.996
Patterned_surface/L1_5021643b38cdd1295977413fcb253aeb.jpg,Patterned_surface/L1_17352db8bfcc27adc16898598fcbcec9.jpg,2,0.996
Patterned_surface/L1_4fda5c740bc1bf4a4154ea4d6345c66a.jpg,Patterned_surface/L1_2faa27fc795072c0fa487c1a4228258e.jpg,2,0.996
Patterned_surface/L1_4fda5c740bc1bf4a4154ea4d6345c66a.jpg,Patterned_surface/L1_877ab3c3554c4ab85d4c4f8ec6209824.jpg,2,0.996
Patterned_surface/L1_bedd8a77cbe3a2f9771f6263f23fb9a1.jpg,Patterned_surface/L1_17352db8bfcc27adc16898598fcbcec9.jpg,2,0.996
Patterned_surface/L1_b45ae4add2c2391f3d1a91f374b9af76.jpg,Patterned_surface/L1_01259a4c45816d3429701d1cd180cf5b.jpg,2,0.996
Patterned_surface/L1_2fb818f82062bc8638f2c1b8c6cb06ec.jpg,Patterned_surface/L1_4bec28628cae4c371429d15069ea73f2.jpg,2,0.996
Patterned_surface/L1_7273140cd90dc4da81f41dc60a87b345.jpg,Patterned_surface/L1_fdea28f8ecfd1e2612dab9da74a6a5eb.jpg,2,0.996
Patterned_surface/L1_7273140cd90dc4da81f41dc60a87b345.jpg,Patterned_surface/L1_faaea346e26b3854a2f1059f2416d42f.jpg,2,0.996
Patterned_surface/L1_7273140cd90dc4da81f41dc60a87b345.jpg,Patterned_surface/L1_21ee172be2a0c4340f06d9383bee7af8.jpg,2,0.996
Patterned_surface/L1_90614f6f9f6b26a1bbde525c11f2516e.jpg,Patterned_surface/L1_70c3ee21568a28afe17ebeee19399ac7.jpg,2,0.996
Patterned_surface/L1_61f6cbc719307a4a14388e2dd99b49fd.jpg,Patterned_surface/L1_b12d11b6111ba8ba078ab57bea8fe96b.jpg,2,0.996
Patterned_surface/L1_61f6cbc719307a4a14388e2dd99b49fd.jpg,Patterned_surface/L1_f1d6b006aab95e5553f3e5c3544525f1.jpg,2,0.996
Patterned_surface/L1_61f6cbc719307a4a14388e2dd99b49fd.jpg,Patterned_surface/L1_17352db8bfcc27adc16898598fcbcec9.jpg,2,0.996
Patterned_surface/L1_0aceacb0b3bbb83e38dd3f314b5b61b8.jpg,Patterned_surface/L1_c8d85388ecac2c2371cfa519b7b5e68c.jpg,2,0.996
Patterned_surface/L1_f6d44fefc02e816516edc79d441a9781.jpg,Patterned_surface/L1_7b1ba11bd6d31d66a1f00eef3ebd40d8.jpg,2,0.996
Patterned_surface/L1_b12d11b6111ba8ba078ab57bea8fe96b.jpg,Patterned_surface/L1_21ee172be2a0c4340f06d9383bee7af8.jpg,2,0.996
Patterned_surface/L1_7b1ba11bd6d31d66a1f00eef3ebd40d8.jpg,Patterned_surface/L1_c8d85388ecac2c2371cfa519b7b5e68c.jpg,2,0.996
Patterned_surface/L1_faaea346e26b3854a2f1059f2416d42f.jpg,Patterned_surface/L1_bde34242a76037599dd403d1f6ea41e7.jpg,2,0.996
Patterned_surface/L1_21ee172be2a0c4340f06d9383bee7af8.jpg,Patterned_surface/L1_bde34242a76037599dd403d1f6ea41e7.jpg,2,0.996
Tips/L5_24090232dc69c3df8c68302ac2e865a6.jpg,Tips/L5_3f55ce9d4eccee6030f37762e2a55ae6.jpg,2,0.996
Tips/L5_700db1e3e2b5209c9767e64482c9d2cd.jpg,Tips/L5_f36d8a68cca40f2515beb917ac74fa63.jpg,2,0.996
Biological/L7_f01ded7cdae8b7a28d95caa22e2d9d28.jpg,Biological/L7_bfb792b5a69cbbe5919b0a3f7116ac94.jpg,2,0.995
Films_Coated_Surface/L3_15862292f902084d1a08f7c5a92c31c5.jpg,Films_Coated_Surface/L3_b62aa2111b3b41d3bef4b771b82094be.jpg,2,0.995
Films_Coated_Surface/L3_deb51c4f2bcd21b20bf48c8d9f2464c7.jpg,Films_Coated_Surface/L3_4ad61203f1f367f138e20ac9cd6589d5.jpg,2,0.995
Films_Coated_Surface/L3_deb51c4f2bcd21b20bf48c8d9f2464c7.jpg,Particles/L2_65cb6ffcade505e66dbbbd8328bf76ce.jpg,2,0.995
Films_Coated_Surface/L3_4ad61203f1f367f138e20ac9cd6589d5.jpg,Particles/L2_515c3edef47188d0f5e52ba5e0031920.jpg,2,0.995
Films_Coated_Surface/L3_a52374a98724c6bd0666427dffdc4650.jpg,Patterned_surface/L1_0aceacb0b3bbb83e38dd3f314b5b61b8.jpg,2,0.995
Films_Coated_Surface/L3_b62aa2111b3b41d3bef4b771b82094be.jpg,Films_Coated_Surface/L3_f644c6b6e02e71bfd0ba961731c4991d.jpg,2,0.995
Films_Coated_Surface/L3_f644c6b6e02e71bfd0ba961731c4991d.jpg,Particles/L2_e35ff75c8e74ea8d7c8d42ec2b010151.jpg,2,0.995
MEMS_devices_and_electrodes/L8_350b239897a255feb514f1210a7d010a.jpg,MEMS_devices_and_electrodes/L8_5fd417deef0983063feb727ee270dc2d.jpg,2,0.995
MEMS_devices_and_electrodes/L8_6eebe07bc8f0c2daffc1e49d6cf6d9e1.jpg,MEMS_devices_and_electrodes/L8_eb6e309c69ea453a3cdfa9e9b311cdb1.jpg,2,0.995
MEMS_devices_and_electrodes/L8_3fc20879b4c6e1f2fe665bc963c9efdd.jpg,MEMS_devices_and_electrodes/L8_7cbdf0ec777e59edeabdd33b21f8ae6e.jpg,2,0.995
MEMS_devices_and_electrodes/L8_202a26151de6f02521b7ef7c76ceaf93.jpg,MEMS_devices_and_electrodes/L8_9ae356625e58345404cd067c148371e3.jpg,2,0.995
MEMS_devices_and_electrodes/L8_56384b1238a9c8564507342c31f1e91c.jpg,MEMS_devices_and_electrodes/L8_d57b95e598e2149863bdd2b461bece25.jpg,2,0.995
MEMS_devices_and_electrodes/L8_97367d304205cd1c8d85859598fa747f.jpg,MEMS_devices_and_electrodes/L8_edcfa10fa79d5808f4183590e94ae188.jpg,2,0.995
MEMS_devices_and_electrodes/L8_27b9795966b09a9ade23e08a76526dc8.jpg,MEMS_devices_and_electrodes/L8_e9c2e1e3700b269ce543168fc1829ea9.jpg,2,0.995
MEMS_devices_and_electrodes/L8_1f37362351e02318230b67d19fda4824.jpg,MEMS_devices_and_electrodes/L8_793585d486ae5d76610054eff6f39f64.jpg,2,0.995
MEMS_devices_and_electrodes/L8_5a044913216a043f5ae055fef190122b.jpg,MEMS_devices_and_electrodes/L8_65a01901034cc6f87fb245a7d1dac368.jpg,2,0.995
Nanowires/L6_e5100222d9dd27d834beaaebfec0f612.jpg,Nanowires/L6_9629200bfd267cd1c089f270576ee884.jpg,2,0.995
Nanowires/L6_ff6634d6fb8a95ab26edda7b6970f1c5.jpg,Nanowires/L6_46891e9002d0fc29ee59ac262da17370.jpg,2,0.995
Nanowires/L6_c30c2a3a7769f34f028c3e14b11cd680.jpg,Nanowires/L6_d3f33b66cbe3f83170e85a2dec1d38cd.jpg,2,0.995
Nanowires/L6_1e1fe73f7d6449adc96a1df2b7c047a9.jpg,Nanowires/L6_d4d4207ce2966dbf1e5c001cdc8c6767.jpg,2,0.995
Nanowires/L6_f3a741798b9f96d327f75424195f1036.jpg,Nanowires/L6_8f2f2f1fd86467ecf09511bb242e00cc.jpg,2,0.995
Nanowires/L6_2135fb3c612930b66593281572be29c6.jpg,Nanowires/L6_5bb24e310c9bdc1696dc45ab9b33ae8b.jpg,2,0.995
Particles/L2_2fe00530da07eb406b6bc38342602cd6.jpg,Particles/L2_c146d3c614e7a4e21c939304a4322eb0.jpg,2,0.995
Particles/L2_1a92781ff7cbf92c17a9608c16974b09.jpg,Particles/L2_2108681df53bdd74ff6f8bc196f32f42.jpg,2,0.995
Particles/L2_19063adb6f7fbbb441e616f027480cbc.jpg,Particles/L2_83138c0b7bd054c362bf85a9174d7883.jpg,2,0.995
Particles/L2_19063adb6f7fbbb441e616f027480cbc.jpg,Patterned_surface/L1_faaea346e26b3854a2f1059f2416d42f.jpg,2,0.995
Particles/L2_19063adb6f7fbbb441e616f027480cbc.jpg,Patterned_surface/L1_21ee172be2a0c4340f06d9383bee7af8.jpg,2,0.995
Particles/L2_7497097408060ac98afb4a01671ffaaf.jpg,Particles/L2_8e1965a21984d5c3420d1c95d8649a7d.jpg,2,0.995
Particles/L2_3fec5418f847445ebe97a15274fda64d.jpg,Patterned_surface/L1_097df3006ff390af45ed962adf3ec9c0.jpg,2,0.995
Particles/L2_3fec5418f847445ebe97a15274fda64d.jpg,Patterned_surface/L1_6fd96cec197769f696fd1625d5b07e82.jpg,2,0.995
Particles/L2_086f697e94f1878199bd2d22686b41cf.jpg,Particles/L2_92c39a8afbf90d2fe40d2c6ddbc19660.jpg,2,0.995
Particles/L2_bc176fad029e42be3c0ec59b8d2acc27.jpg,Patterned_surface/L1_077418f8e0bda12aee970faaf1cb5a26.jpg,2,0.995
Particles/L2_bc176fad029e42be3c0ec59b8d2acc27.jpg,Patterned_surface/L1_7b1ba11bd6d31d66a1f00eef3ebd40d8.jpg,2,0.995
Particles/L2_bc176fad029e42be3c0ec59b8d2acc27.jpg,Patterned_surface/L1_f9e22624c10ded7a0ef37fef8b4e2898.jpg,2,0.995
Particles/L2_a6b30552e6615b94adc64c4b3d54de24.jpg,Particles/L2_beb39ed8f1eb6bf4d942b07759ce9ef9.jpg,2,0.995
Particles/L2_5a1c7605988339b8003657eff91f7010.jpg,Particles/L2_7edadea8b0199e42b62843ce7f2dc3c0.jpg,2,0.995
Particles/L2_a887e721869e76ef603f6e2863247c00.jpg,Particles/L2_25508ba490db0440cb48669886ae0c86.jpg,2,0.995
Particles/L2_a887e721869e76ef603f6e2863247c00.jpg,Patterned_surface/L1_7273140cd90dc4da81f41dc60a87b345.jpg,2,0.995
Particles/L2_56af5aa7ebd483b9d16009d3a4bf247d.jpg,Particles/L2_80fe6d48d097eca2201d53f46d9b3230.jpg,2,0.995
Particles/L2_cc8a7b8d3920aed9de0f56a59f2a77cb.jpg,Particles/L2_20113e1ecb0a03825874dbefe1253a68.jpg,2,0.995
Particles/L2_c6284f99519bfce2ce571cfefbcb2077.jpg,Particles/L2_20113e1ecb0a03825874dbefe1253a68.jpg,2,0.995
Particles/L2_834a90b89171c526884e34e3287edca0.jpg,Particles/L2_933f1e2364ff7de3d3aa08c419d273d6.jpg,2,0.995
Particles/L2_e7df7a6ba1727f15487f5a79c9828059.jpg,Patterned_surface/L1_8a4460dae68117b4dceda8bf94e9276d.jpg,2,0.995
Particles/L2_e7df7a6ba1727f15487f5a79c9828059.jpg,Patterned_surface/L1_bedd8a77cbe3a2f9771f6263f23fb9a1.jpg,2,0.995
Particles/L2_e7df7a6ba1727f15487f5a79c9828059.jpg,Patterned_surface/L1_0aceacb0b3bbb83e38dd3f314b5b61b8.jpg,2,0.995
Particles/L2_e7df7a6ba1727f15487f5a79c9828059.jpg,Patterned_surface/L1_75fc5e2d441cdf98c4c32cae7318d74b.jpg,2,0.995
Particles/L2_50be24fcc3f85b18c853b7265ccd62a1.jpg,Patterned_surface/L1_b1f39679856be3d73ee5c6260b7e3b29.jpg,2,0.995
Particles/L2_474358c31217a13a936ab28fb2144718.jpg,Particles/L2_3cba52f76ba6e0036cab1b9c165fada0.jpg,2,0.995
Particles/L2_a7b10826e7044653c7d4d5e9d25ba81f.jpg,Particles/L2_514a8e2ef97b718f9833b5c75096270f.jpg,2,0.995
Particles/L2_a7b10826e7044653c7d4d5e9d25ba81f.jpg,Patterned_surface/L1_7273140cd90dc4da81f41dc60a87b345.jpg,2,0.995
Particles/L2_a7b10826e7044653c7d4d5e9d25ba81f.jpg,Patterned_surface/L1_b12d11b6111ba8ba078ab57bea8fe96b.jpg,2,0.995
Particles/L2_a7b10826e7044653c7d4d5e9d25ba81f.jpg,Patterned_surface/L1_2faa27fc795072c0fa487c1a4228258e.jpg,2,0.995
Particles/L2_d0c471a10b2801c742396882d8a8c658.jpg,Patterned_surface/L1_47e0c93453ed9818a67aa792d0b4aab1.jpg,2,0.995
Particles/L2_d0c471a10b2801c742396882d8a8c658.jpg,Patterned_surface/L1_c8d85388ecac2c2371cfa519b7b5e68c.jpg,2,0.995
Particles/L2_d0c471a10b2801c742396882d8a8c658.jpg,Patterned_surface/L1_bde34242a76037599dd403d1f6ea41e7.jpg,2,0.995
Particles/L2_183f14b7de5062b264ed507c12f2aa4b.jpg,Particles/L2_3fae63c7749373fc0e2369a76888cb1d.jpg,2,0.995
Particles/L2_0548c26081aab812b62045e72d931645.jpg,Patterned_surface/L1_8a4460dae68117b4dceda8bf94e9276d.jpg,2,0.995
Particles/L2_20113e1ecb0a03825874dbefe1253a68.jpg,Particles/L2_14d217d1208a77e55150b5e0df1f6ff2.jpg,2,0.995
Particles/L2_20113e1ecb0a03825874dbefe1253a68.jpg,Particles/L2_fe00d6aca0d79767c24c2ea8e3fd5ddd.jpg,2,0.995
Particles/L2_d63db9df3014732011e7cca9964f3cfb.jpg,Patterned_surface/L1_8a4460dae68117b4dceda8bf94e9276d.jpg,2,0.995
Particles/L2_d63db9df3014732011e7cca9964f3cfb.jpg,Patterned_surface/L1_61f6cbc719307a4a14388e2dd99b49fd.jpg,2,0.995
Particles/L2_d63db9df3014732011e7cca9964f3cfb.jpg,Patterned_surface/L1_8faa88abc604c0df624e4299f1a1f76b.jpg,2,0.995
Particles/L2_933f1e2364ff7de3d3aa08c419d273d6.jpg,Particles/L2_4f87bb2b38dccf6afe3e4601ba78c080.jpg,2,0.995
Particles/L2_933f1e2364ff7de3d3aa08c419d273d6.jpg,Particles/L2_84df502d90f194504e3ee2f458d32911.jpg,2,0.995
Particles/L2_933f1e2364ff7de3d3aa08c419d273d6.jpg,Particles/L2_7edadea8b0199e42b62843ce7f2dc3c0.jpg,2,0.995
Particles/L2_d3409494c8e873cd8dcdfc6aaa6ab48c.jpg,Particles/L2_e68ee93c26e0bf88856fc5a93399df3a.jpg,2,0.995
Particles/L2_d3409494c8e873cd8dcdfc6aaa6ab48c.jpg,Patterned_surface/L1_fdea28f8ecfd1e2612dab9da74a6a5eb.jpg,2,0.995
Particles/L2_d3409494c8e873cd8dcdfc6aaa6ab48c.jpg,Patterned_surface/L1_5cd660a83f0bb3ad337f44434b3cecf9.jpg,2,0.995
Particles/L2_930aa52a4dc7fa17c084a1d76506623b.jpg,Patterned_surface/L1_fdea28f8ecfd1e2612dab9da74a6a5eb.jpg,2,0.995
Particles/L2_930aa52a4dc7fa17c084a1d76506623b.jpg,Patterned_surface/L1_2faa27fc795072c0fa487c1a4228258e.jpg,2,0.995
Particles/L2_930aa52a4dc7fa17c084a1d76506623b.jpg,Patterned_surface/L1_6fd96cec197769f696fd1625d5b07e82.jpg,2,0.995
Particles/L2_514a8e2ef97b718f9833b5c75096270f.jpg,Patterned_surface/L1_077418f8e0bda12aee970faaf1cb5a26.jpg,2,0.995
Particles/L2_68273db3f5e1dee641a0fcba5dcf52bd.jpg,Particles/L2_7edadea8b0199e42b62843ce7f2dc3c0.jpg,2,0.995
Particles/L2_7a72c462193d1d6d011419e70dffbefe.jpg,Patterned_surface/L1_47e0c93453ed9818a67aa792d0b4aab1.jpg,2,0.995
Particles/L2_1ec137e278e5c4c225726e9ec3bce857.jpg,Patterned_surface/L1_6f3124f44bd5d99e3ae7d4123f7d6881.jpg,2,0.995
Particles/L2_2b70e28c22b9d03249af9e04a1bfa392.jpg,Patterned_surface/L1_f9e22624c10ded7a0ef37fef8b4e2898.jpg,2,0.995
Patterned_surface/L1_5e2a61ab85efac1b0425d065a7f3795f.jpg,Patterned_surface/L1_7b1ba11bd6d31d66a1f00eef3ebd40d8.jpg,2,0.995
Patterned_surface/L1_5e2a61ab85efac1b0425d065a7f3795f.jpg,Patterned_surface/L1_faaea346e26b3854a2f1059f2416d42f.jpg,2,0.995
Patterned_surface/L1_077418f8e0bda12aee970faaf1cb5a26.jpg,Patterned_surface/L1_b1f39679856be3d73ee5c6260b7e3b29.jpg,2,0.995
Patterned_surface/L1_f387486faf508aa9aca603b254d2469f.jpg,Patterned_surface/L1_d2bc91ec8103526a3a9f02a37bbc21e5.jpg,2,0.995
Patterned_surface/L1_e772e367c0f1b9eb88280ae5814ba3c4.jpg,Patterned_surface/L1_af5ae37a8dcae3a3ef5822a4f1383cad.jpg,2,0.995
Patterned_surface/L1_8a4460dae68117b4dceda8bf94e9276d.jpg,Patterned_surface/L1_c8d85388ecac2c2371cfa519b7b5e68c.jpg,2,0.995
Patterned_surface/L1_4cd72ecda50948f6e173bccf7b272cd3.jpg,Patterned_surface/L1_bedd8a77cbe3a2f9771f6263f23fb9a1.jpg,2,0.995
Patterned_surface/L1_4cd72ecda50948f6e173bccf7b272cd3.jpg,Patterned_surface/L1_7273140cd90dc4da81f41dc60a87b345.jpg,2,0.995
Patterned_surface/L1_4cd72ecda50948f6e173bccf7b272cd3.jpg,Patterned_surface/L1_bde34242a76037599dd403d1f6ea41e7.jpg,2,0.995
Patterned_surface/L1_47e0c93453ed9818a67aa792d0b4aab1.jpg,Patterned_surface/L1_c237eaf5fd8241e362c2813773ac708f.jpg,2,0.995
Patterned_surface/L1_47e0c93453ed9818a67aa792d0b4aab1.jpg,Patterned_surface/L1_5cd660a83f0bb3ad337f44434b3cecf9.jpg,2,0.995
Patterned_surface/L1_5021643b38cdd1295977413fcb253aeb.jpg,Patterned_surface/L1_5402e585c67209451c5f640d42884d79.jpg,2,0.995
Patterned_surface/L1_5021643b38cdd1295977413fcb253aeb.jpg,Patterned_surface/L1_1d3b91dc9e2fec0fd455a99b8f4fa5cf.jpg,2,0.995
Patterned_surface/L1_5021643b38cdd1295977413fcb253aeb.jpg,Patterned_surface/L1_bde34242a76037599dd403d1f6ea41e7.jpg,2,0.995
Patterned_surface/L1_4fda5c740bc1bf4a4154ea4d6345c66a.jpg,Patterned_surface/L1_fdea28f8ecfd1e2612dab9da74a6a5eb.jpg,2,0.995
Patterned_surface/L1_4fda5c740bc1bf4a4154ea4d6345c66a.jpg,Patterned_surface/L1_21ee172be2a0c4340f06d9383bee7af8.jpg,2,0.995
Patterned_surface/L1_8416e403546e410c8a96a14f2336ed86.jpg,Patterned_surface/L1_83fce1883d2c0e6eec58e8015db831f2.jpg,2,0.995
Patterned_surface/L1_7273140cd90dc4da81f41dc60a87b345.jpg,Patterned_surface/L1_ecc0e7ee0524fda473ac31147ef76b1d.jpg,2,0.995
Patterned_surface/L1_fdea28f8ecfd1e2612dab9da74a6a5eb.jpg,Patterned_surface/L1_b12d11b6111ba8ba078ab57bea8fe96b.jpg,2,0.995
Patterned_surface/L1_fdea28f8ecfd1e2612dab9da74a6a5eb.jpg,Patterned_surface/L1_bde34242a76037599dd403d1f6ea41e7.jpg,2,0.995
Patterned_surface/L1_c237eaf5fd8241e362c2813773ac708f.jpg,Patterned_surface/L1_67bde896390fc0efd471a84bb6ded653.jpg,2,0.995
Patterned_surface/L1_9c80afea250960bcb6353e4c15eaa9d5.jpg,Patterned_surface/L1_75fc5e2d441cdf98c4c32cae7318d74b.jpg,2,0.995
Patterned_surface/L1_9c80afea250960bcb6353e4c15eaa9d5.jpg,Patterned_surface/L1_7b1ba11bd6d31d66a1f00eef3ebd40d8.jpg,2,0.995
Patterned_surface/L1_0241701fa93d295278b1d2c617ddbf12.jpg,Patterned_surface/L1_d2bc91ec8103526a3a9f02a37bbc21e5.jpg,2,0.995
Patterned_surface/L1_b12d11b6111ba8ba078ab57bea8fe96b.jpg,Patterned_surface/L1_faaea346e26b3854a2f1059f2416d42f.jpg,2,0.995
Patterned_surface/L1_ad52a2a4a7f5b4309c2a4114a9ede85c.jpg,Patterned_surface/L1_67bde896390fc0efd471a84bb6ded653.jpg,2,0.995
Patterned_surface/L1_6f3124f44bd5d99e3ae7d4123f7d6881.jpg,Patterned_surface/L1_ecc0e7ee0524fda473ac31147ef76b1d.jpg,2,0.995
Patterned_surface/L1_2faa27fc795072c0fa487c1a4228258e.jpg,Patterned_surface/L1_6fd96cec197769f696fd1625d5b07e82.jpg,2,0.995
Patterned_surface/L1_5cd660a83f0bb3ad337f44434b3cecf9.jpg,Patterned_surface/L1_c8d85388ecac2c2371cfa519b7b5e68c.jpg,2,0.995
Patterned_surface/L1_5cd660a83f0bb3ad337f44434b3cecf9.jpg,Patterned_surface/L1_bde34242a76037599dd403d1f6ea41e7.jpg,2,0.995
Patterned_surface/L1_9e34cccb1be55d4e87ea400e6a41f3d9.jpg,Patterned_surface/L1_eb305cf9a53323621f87d4f0ba9b8ccc.jpg,2,0.995
Powder/L4_593822f25c93006047d46e7bd6b0b870.jpg,Powder/L4_a4991294016846f95ce9fefb8081bef1.jpg,2,0.995
Tips/L5_568c628b436fdc89585a4ee2717da22a.jpg,Tips/L5_ebfb1e9018ca25b374cf5e67786dc268.jpg,2,0.995
Films_Coated_Surface/L3_15862292f902084d1a08f7c5a92c31c5.jpg,Films_Coated_Surface/L3_deb51c4f2bcd21b20bf48c8d9f2464c7.jpg,2,0.994
Films_Coated_Surface/L3_deb51c4f2bcd21b20bf48c8d9f2464c7.jpg,Particles/L2_e35ff75c8e74ea8d7c8d42ec2b010151.jpg,2,0.994
Films_Coated_Surface/L3_f4ff10cd0373bb873d02ac5e24ef0c2e.jpg,Particles/L2_65cb6ffcade505e66dbbbd8328bf76ce.jpg,2,0.994
Films_Coated_Surface/L3_a52374a98724c6bd0666427dffdc4650.jpg,Patterned_surface/L1_faaea346e26b3854a2f1059f2416d42f.jpg,2,0.994
Films_Coated_Surface/L3_417f4c13c161d19b081fadc09bcb0409.jpg,Films_Coated_Surface/L3_90dfe19beab397c965e070efd5dbfd9a.jpg,2,0.994
Films_Coated_Surface/L3_b62aa2111b3b41d3bef4b771b82094be.jpg,Films_Coated_Surface/L3_ed7409b9ab4b6c78a57925bea608596d.jpg,2,0.994
Films_Coated_Surface/L3_ed7409b9ab4b6c78a57925bea608596d.jpg,Particles/L2_8cfe0381de41d7c353d0cd74b27b1e56.jpg,2,0.994
MEMS_devices_and_electrodes/L8_c42e713b8a4825b0e1a97f5c1edb504c.jpg,MEMS_devices_and_electrodes/L8_d4384232554774ce9ec4d02b886d4b50.jpg,2,0.994
MEMS_devices_and_electrodes/L8_c94350c448851ad8923f24925639f76e.jpg,MEMS_devices_and_electrodes/L8_f8116111aa1533709c83dcf9f1459b7b.jpg,2,0.994
MEMS_devices_and_electrodes/L8_e22c5027ef304bf34348734293eea292.jpg,MEMS_devices_and_electrodes/L8_29dd462a2ecff15dda945b25789e5e2f.jpg,2,0.994
MEMS_devices_and_electrodes/L8_2f4641e236ede2ea7da90d90df700049.jpg,MEMS_devices_and_electrodes/L8_617f34acccfdffd58b63a37be18eebea.jpg,2,0.994
MEMS_devices_and_electrodes/L8_6315341c4005b870dde2d7dcb5e52204.jpg,Particles/L2_bc176fad029e42be3c0ec59b8d2acc27.jpg,2,0.994
MEMS_devices_and_electrodes/L8_4698d12f526046622551c7a8e7c39033.jpg,MEMS_devices_and_electrodes/L8_d57b95e598e2149863bdd2b461bece25.jpg,2,0.994
Nanowires/L6_5955a63e58dc0a34203ae0e3b6c57c09.jpg,Nanowires/L6_0ce31b4162b68752140b9a50fe450908.jpg,2,0.994
Nanowires/L6_20b3d37ce0aee066383eae26b59a627b.jpg,Nanowires/L6_46891e9002d0fc29ee59ac262da17370.jpg,2,0.994
Nanowires/L6_8b7308dbf10423554227d0a6570ec021.jpg,Particles/L2_3fec5418f847445ebe97a15274fda64d.jpg,2,0.994
Nanowires/L6_8b7308dbf10423554227d0a6570ec021.jpg,Particles/L2_930aa52a4dc7fa17c084a1d76506623b.jpg,2,0.994
Nanowires/L6_8b7308dbf10423554227d0a6570ec021.jpg,Patterned_surface/L1_fdea28f8ecfd1e2612dab9da74a6a5eb.jpg,2,0.994
Nanowires/L6_7eefd178d97893291ae33d86039a8ad9.jpg,Nanowires/L6_c8b899280da24e3df97489a1b51271ae.jpg,2,0.994
Nanowires/L6_150c33b337aedc88daf8497495860f05.jpg,Particles/L2_3fec5418f847445ebe97a15274fda64d.jpg,2,0.994
Nanowires/L6_150c33b337aedc88daf8497495860f05.jpg,Particles/L2_930aa52a4dc7fa17c084a1d76506623b.jpg,2,0.994
Nanowires/L6_150c33b337aedc88daf8497495860f05.jpg,Patterned_surface/L1_fdea28f8ecfd1e2612dab9da74a6a5eb.jpg,2,0.994
Nanowires/L6_99833cc129ad50908b02b703b04cdf29.jpg,Nanowires/L6_aac0c296e642b8307c7fc51e382333ef.jpg,2,0.994
Particles/L2_19063adb6f7fbbb441e616f027480cbc.jpg,Particles/L2_d9d7166533b6979b2fcbe53c4afd47ff.jpg,2,0.994
Particles/L2_19063adb6f7fbbb441e616f027480cbc.jpg,Patterned_surface/L1_f9e22624c10ded7a0ef37fef8b4e2898.jpg,2,0.994
Particles/L2_5349c78c00b7507002726735cd00ac68.jpg,Particles/L2_50be24fcc3f85b18c853b7265ccd62a1.jpg,2,0.994
Particles/L2_3fec5418f847445ebe97a15274fda64d.jpg,Particles/L2_514a8e2ef97b718f9833b5c75096270f.jpg,2,0.994
Particles/L2_086f697e94f1878199bd2d22686b41cf.jpg,Particles/L2_825f150a1cd0a9a373468f001abb72d1.jpg,2,0.994
Particles/L2_dae99d5241bd4c177ce1d078ccb0dad7.jpg,Patterned_surface/L1_1d3b91dc9e2fec0fd455a99b8f4fa5cf.jpg,2,0.994
Particles/L2_d9d7166533b6979b2fcbe53c4afd47ff.jpg,Particles/L2_a887e721869e76ef603f6e2863247c00.jpg,2,0.994
Particles/L2_bc176fad029e42be3c0ec59b8d2acc27.jpg,Particles/L2_e7df7a6ba1727f15487f5a79c9828059.jpg,2,0.994
Particles/L2_bc176fad029e42be3c0ec59b8d2acc27.jpg,Patterned_surface/L1_0aceacb0b3bbb83e38dd3f314b5b61b8.jpg,2,0.994
Particles/L2_6b285b353118acc264ad5564ae62d6e0.jpg,Particles/L2_7de3f20e32aa37104ec29a290e3f90bb.jpg,2,0.994
Particles/L2_7652f27d83b8cb794e5235b8cd48e05c.jpg,Particles/L2_558afde6d0ddc985f6e3dcbcaf20380b.jpg,2,0.994
Particles/L2_4e404486b3d6a03c555365832e2cc53c.jpg,Particles/L2_fe44f82d843dc0369adbb0d43922299b.jpg,2,0.994
Particles/L2_4e404486b3d6a03c555365832e2cc53c.jpg,Particles/L2_31cdb14e7a3d2496ead9578f57b1668d.jpg,2,0.994
Particles/L2_e4624d1518be6e102b56c8947e91cf56.jpg,Patterned_surface/L1_7b1ba11bd6d31d66a1f00eef3ebd40d8.jpg,2,0.994
Particles/L2_a887e721869e76ef603f6e2863247c00.jpg,Particles/L2_930aa52a4dc7fa17c084a1d76506623b.jpg,2,0.994
Particles/L2_a887e721869e76ef603f6e2863247c00.jpg,Patterned_surface/L1_b12d11b6111ba8ba078ab57bea8fe96b.jpg,2,0.994
Particles/L2_a887e721869e76ef603f6e2863247c00.jpg,Patterned_surface/L1_bde34242a76037599dd403d1f6ea41e7.jpg,2,0.994
Particles/L2_0e346731b6a3748a85a90f8e646847fb.jpg,Particles/L2_2108681df53bdd74ff6f8bc196f32f42.jpg,2,0.994
Particles/L2_53736d5c4a858dfe9558bb76f45f21f5.jpg,Patterned_surface/L1_9a4e9c307d9b296bd5c5796cca6d9c07.jpg,2,0.994
Particles/L2_e7df7a6ba1727f15487f5a79c9828059.jpg,Patterned_surface/L1_dee38c964aaef0ddfc5e416d8eb8c15c.jpg,2,0.994
Particles/L2_e7df7a6ba1727f15487f5a79c9828059.jpg,Patterned_surface/L1_61f6cbc719307a4a14388e2dd99b49fd.jpg,2,0.994
Particles/L2_e7df7a6ba1727f15487f5a79c9828059.jpg,Patterned_surface/L1_faaea346e26b3854a2f1059f2416d42f.jpg,2,0.994
Particles/L2_50be24fcc3f85b18c853b7265ccd62a1.jpg,Patterned_surface/L1_bedd8a77cbe3a2f9771f6263f23fb9a1.jpg,2,0.994
Particles/L2_50be24fcc3f85b18c853b7265ccd62a1.jpg,Patterned_surface/L1_0aceacb0b3bbb83e38dd3f314b5b61b8.jpg,2,0.994
Particles/L2_50be24fcc3f85b18c853b7265ccd62a1.jpg,Patterned_surface/L1_75fc5e2d441cdf98c4c32cae7318d74b.jpg,2,0.994
Particles/L2_a7b10826e7044653c7d4d5e9d25ba81f.jpg,Patterned_surface/L1_077418f8e0bda12aee970faaf1cb5a26.jpg,2,0.994
Particles/L2_d0c471a10b2801c742396882d8a8c658.jpg,Patterned_surface/L1_5e2a61ab85efac1b0425d065a7f3795f.jpg,2,0.994
Particles/L2_d0c471a10b2801c742396882d8a8c658.jpg,Patterned_surface/L1_4fda5c740bc1bf4a4154ea4d6345c66a.jpg,2,0.994
Particles/L2_d0c471a10b2801c742396882d8a8c658.jpg,Patterned_surface/L1_f6d44fefc02e816516edc79d441a9781.jpg,2,0.994
Particles/L2_d0c471a10b2801c742396882d8a8c658.jpg,Patterned_surface/L1_877ab3c3554c4ab85d4c4f8ec6209824.jpg,2,0.994
Particles/L2_f57990cb45c3b9be5eeadb02db7286c3.jpg,Particles/L2_0548c26081aab812b62045e72d931645.jpg,2,0.994
Particles/L2_f57990cb45c3b9be5eeadb02db7286c3.jpg,Patterned_surface/L1_bedd8a77cbe3a2f9771f6263f23fb9a1.jpg,2,0.994
Particles/L2_dbb29d026368ad700b8584d586d98d61.jpg,Particles/L2_83138c0b7bd054c362bf85a9174d7883.jpg,2,0.994
Particles/L2_ca514ecef5b86892a18037638e6e46fb.jpg,Particles/L2_0819f9d380328336e4be7befcd4189a9.jpg,2,0.994
Particles/L2_0548c26081aab812b62045e72d931645.jpg,Patterned_surface/L1_5324a23b552f703a8aa24c9b97e41218.jpg,2,0.994
Particles/L2_20113e1ecb0a03825874dbefe1253a68.jpg,Particles/L2_4f87bb2b38dccf6afe3e4601ba78c080.jpg,2,0.994
Particles/L2_7c402ed9509ed196aba0484eabb51bf0.jpg,Particles/L2_80fe6d48d097eca2201d53f46d9b3230.jpg,2,0.994
Particles/L2_3fae63c7749373fc0e2369a76888cb1d.jpg,Particles/L2_e09a7774944707fad85d4fe36c255140.jpg,2,0.994
Particles/L2_cb7b5b51e0dee0e65576fdba649f6541.jpg,Particles/L2_5236182741c4365e87a5f18c6aa75d9b.jpg,2,0.994
Particles/L2_a288a776f6b0d78a48d35382b0c7d8de.jpg,Patterned_surface/L1_c4e955aa90f1164602e79750292be66b.jpg,2,0.994
Particles/L2_fc022b227491d3fafa5bbd5a0de56064.jpg,Particles/L2_84df502d90f194504e3ee2f458d32911.jpg,2,0.994
Particles/L2_d63db9df3014732011e7cca9964f3cfb.jpg,Patterned_surface/L1_1e51be760580503003d8721efc6fc454.jpg,2,0.994
Particles/L2_d63db9df3014732011e7cca9964f3cfb.jpg,Patterned_surface/L1_f3b222517e95e7f05c8333bdc64f6101.jpg,2,0.994
Particles/L2_d63db9df3014732011e7cca9964f3cfb.jpg,Patterned_surface/L1_5cd660a83f0bb3ad337f44434b3cecf9.jpg,2,0.994
Particles/L2_25508ba490db0440cb48669886ae0c86.jpg,Particles/L2_2b70e28c22b9d03249af9e04a1bfa392.jpg,2,0.994
Particles/L2_25508ba490db0440cb48669886ae0c86.jpg,Patterned_surface/L1_90614f6f9f6b26a1bbde525c11f2516e.jpg,2,0.994
Particles/L2_e35ff75c8e74ea8d7c8d42ec2b010151.jpg,Particles/L2_65cb6ffcade505e66dbbbd8328bf76ce.jpg,2,0.994
Particles/L2_9ccc2a5640d6b98e39667aecda72071d.jpg,Patterned_surface/L1_12a3fcc1f9c6007dfd333a6181b3658a.jpg,2,0.994
Particles/L2_9ccc2a5640d6b98e39667aecda72071d.jpg,Patterned_surface/L1_2faa27fc795072c0fa487c1a4228258e.jpg,2,0.994
Particles/L2_5236182741c4365e87a5f18c6aa75d9b.jpg,Particles/L2_e0a62b27abfe4ee9acf4d0080f7a86cc.jpg,2,0.994
Particles/L2_514a8e2ef97b718f9833b5c75096270f.jpg,Particles/L2_2b70e28c22b9d03249af9e04a1bfa392.jpg,2,0.994
Particles/L2_83138c0b7bd054c362bf85a9174d7883.jpg,Patterned_surface/L1_5021643b38cdd1295977413fcb253aeb.jpg,2,0.994
Particles/L2_83138c0b7bd054c362bf85a9174d7883.jpg,Patterned_surface/L1_7273140cd90dc4da81f41dc60a87b345.jpg,2,0.994
Particles/L2_83138c0b7bd054c362bf85a9174d7883.jpg,Patterned_surface/L1_fdea28f8ecfd1e2612dab9da74a6a5eb.jpg,2,0.994
Particles/L2_83138c0b7bd054c362bf85a9174d7883.jpg,Patterned_surface/L1_f9e22624c10ded7a0ef37fef8b4e2898.jpg,2,0.994
Particles/L2_7a72c462193d1d6d011419e70dffbefe.jpg,Patterned_surface/L1_4fda5c740bc1bf4a4154ea4d6345c66a.jpg,2,0.994
Particles/L2_2822ca703fdf117e9c68558e8eedcdc0.jpg,Patterned_surface/L1_cb5e78b2f91ac8edd189be23c1f87c80.jpg,2,0.994
Particles/L2_2b70e28c22b9d03249af9e04a1bfa392.jpg,Patterned_surface/L1_097df3006ff390af45ed962adf3ec9c0.jpg,2,0.994
Patterned_surface/L1_5e2a61ab85efac1b0425d065a7f3795f.jpg,Patterned_surface/L1_5cd660a83f0bb3ad337f44434b3cecf9.jpg,2,0.994
Patterned_surface/L1_077418f8e0bda12aee970faaf1cb5a26.jpg,Patterned_surface/L1_12a3fcc1f9c6007dfd333a6181b3658a.jpg,2,0.994
Patterned_surface/L1_077418f8e0bda12aee970faaf1cb5a26.jpg,Patterned_surface/L1_faaea346e26b3854a2f1059f2416d42f.jpg,2,0.994
Patterned_surface/L1_1e51be760580503003d8721efc6fc454.jpg,Patterned_surface/L1_6250d1cad4e95bff26ae56f4595c9f70.jpg,2,0.994
Patterned_surface/L1_dee38c964aaef0ddfc5e416d8eb8c15c.jpg,Patterned_surface/L1_bedd8a77cbe3a2f9771f6263f23fb9a1.jpg,2,0.994
Patterned_surface/L1_dee38c964aaef0ddfc5e416d8eb8c15c.jpg,Patterned_surface/L1_61f6cbc719307a4a14388e2dd99b49fd.jpg,2,0.994
Patterned_surface/L1_dee38c964aaef0ddfc5e416d8eb8c15c.jpg,Patterned_surface/L1_0241701fa93d295278b1d2c617ddbf12.jpg,2,0.994
Patterned_surface/L1_4cd72ecda50948f6e173bccf7b272cd3.jpg,Patterned_surface/L1_b12d11b6111ba8ba078ab57bea8fe96b.jpg,2,0.994
Patterned_surface/L1_4fda5c740bc1bf4a4154ea4d6345c66a.jpg,Patterned_surface/L1_5cd660a83f0bb3ad337f44434b3cecf9.jpg,2,0.994
Patterned_surface/L1_d4f7f774f448da46896e2d9e740c1e82.jpg,Patterned_surface/L1_d423c1fe18a135f4fc497fbee27615e8.jpg,2,0.994
Patterned_surface/L1_bedd8a77cbe3a2f9771f6263f23fb9a1.jpg,Patterned_surface/L1_9c80afea250960bcb6353e4c15eaa9d5.jpg,2,0.994
Patterned_surface/L1_bedd8a77cbe3a2f9771f6263f23fb9a1.jpg,Patterned_surface/L1_f1d6b006aab95e5553f3e5c3544525f1.jpg,2,0.994
Patterned_surface/L1_bedd8a77cbe3a2f9771f6263f23fb9a1.jpg,Patterned_surface/L1_21ee172be2a0c4340f06d9383bee7af8.jpg,2,0.994
Patterned_surface/L1_f3b222517e95e7f05c8333bdc64f6101.jpg,Patterned_surface/L1_6f3124f44bd5d99e3ae7d4123f7d6881.jpg,2,0.994
Patterned_surface/L1_9c80afea250960bcb6353e4c15eaa9d5.jpg,Patterned_surface/L1_faaea346e26b3854a2f1059f2416d42f.jpg,2,0.994
Patterned_surface/L1_f6d44fefc02e816516edc79d441a9781.jpg,Patterned_surface/L1_5cd660a83f0bb3ad337f44434b3cecf9.jpg,2,0.994
Patterned_surface/L1_f6d44fefc02e816516edc79d441a9781.jpg,Patterned_surface/L1_faaea346e26b3854a2f1059f2416d42f.jpg,2,0.994
Patterned_surface/L1_a8cd270a8f961d5df7f537cebc17dbc7.jpg,Patterned_surface/L1_faaea346e26b3854a2f1059f2416d42f.jpg,2,0.994
Patterned_surface/L1_b12d11b6111ba8ba078ab57bea8fe96b.jpg,Patterned_surface/L1_ecc0e7ee0524fda473ac31147ef76b1d.jpg,2,0.994
Patterned_surface/L1_6f3124f44bd5d99e3ae7d4123f7d6881.jpg,Patterned_surface/L1_16a49ba24ad49a3c355e4883cef104ca.jpg,2,0.994
Films_Coated_Surface/L3_deb51c4f2bcd21b20bf48c8d9f2464c7.jpg,Films_Coated_Surface/L3_f4ff10cd0373bb873d02ac5e24ef0c2e.jpg,2,0.993
Films_Coated_Surface/L3_deb51c4f2bcd21b20bf48c8d9f2464c7.jpg,Films_Coated_Surface/L3_25aa64b63fb5e1c17ad39a105174a063.jpg,2,0.993
Films_Coated_Surface/L3_4ad61203f1f367f138e20ac9cd6589d5.jpg,Particles/L2_65cb6ffcade505e66dbbbd8328bf76ce.jpg,2,0.993
Films_Coated_Surface/L3_4449e6d4752be67f3bd85c9a9ccb0201.jpg,Films_Coated_Surface/L3_025d45df2f2cb9cb01c14841131ce267.jpg,2,0.993
Films_Coated_Surface/L3_3ad8ecddd8322a6ebc2c228959030c1f.jpg,Films_Coated_Surface/L3_d6b88111b33d90f1ef528df4f9c561e3.jpg,2,0.993
Films_Coated_Surface/L3_36382ba0124675bf0816088ba560fdbf.jpg,Films_Coated_Surface/L3_b62aa2111b3b41d3bef4b771b82094be.jpg,2,0.993
Films_Coated_Surface/L3_f644c6b6e02e71bfd0ba961731c4991d.jpg,Particles/L2_8cfe0381de41d7c353d0cd74b27b1e56.jpg,2,0.993
Films_Coated_Surface/L3_ed7409b9ab4b6c78a57925bea608596d.jpg,Particles/L2_65cb6ffcade505e66dbbbd8328bf76ce.jpg,2,0.993
MEMS_devices_and_electrodes/L8_c037218caa019732f26ef8ee178ef6a9.jpg,MEMS_devices_and_electrodes/L8_5bad4539d1f00873527f2e0d8f86f781.jpg,2,0.993
MEMS_devices_and_electrodes/L8_8241dabb39063597038a592ee3aa9f1c.jpg,MEMS_devices_and_electrodes/L8_350b239897a255feb514f1210a7d010a.jpg,2,0.993
MEMS_devices_and_electrodes/L8_350b239897a255feb514f1210a7d010a.jpg,MEMS_devices_and_electrodes/L8_7cbdf0ec777e59edeabdd33b21f8ae6e.jpg,2,0.993
MEMS_devices_and_electrodes/L8_350b239897a255feb514f1210a7d010a.jpg,MEMS_devices_and_electrodes/L8_fd190fc72b890b6dc046ff9fd0a3b2c3.jpg,2,0.993
MEMS_devices_and_electrodes/L8_5dc1d98aca53c327c253d7ecfa5cab3f.jpg,MEMS_devices_and_electrodes/L8_2e4e65ba340d30b4ed87d575a1376006.jpg,2,0.993
MEMS_devices_and_electrodes/L8_7cccfa567f0156038aa9fa13cfc76dd0.jpg,MEMS_devices_and_electrodes/L8_cf8cc2c0b9353116f6578ceba44e1ffa.jpg,2,0.993
MEMS_devices_and_electrodes/L8_afcf3c718c33e1536af57551321f407a.jpg,MEMS_devices_and_electrodes/L8_9b7ae2d5b9beb3b4aa0e57e9b026d4d2.jpg,2,0.993
MEMS_devices_and_electrodes/L8_aaa3192e128d834bf2b35d61a8ba3608.jpg,MEMS_devices_and_electrodes/L8_644ac6a4f0d1e88a13a6ae8344593aeb.jpg,2,0.993
MEMS_devices_and_electrodes/L8_58c2b9720fc6dbf8aef950784172030a.jpg,MEMS_devices_and_electrodes/L8_85e2f14e823e382fa7e48361567b36e3.jpg,2,0.993
MEMS_devices_and_electrodes/L8_e9df0dc58d883053ac83c2228ac344cb.jpg,MEMS_devices_and_electrodes/L8_a6635f1e8093bef50f7eafddf9f9b665.jpg,2,0.993
MEMS_devices_and_electrodes/L8_30a48d9ef81cc6e0e5661ff4a35ec11a.jpg,MEMS_devices_and_electrodes/L8_489245b185f5f3669fd7029a044bea24.jpg,2,0.993
MEMS_devices_and_electrodes/L8_1f37362351e02318230b67d19fda4824.jpg,MEMS_devices_and_electrodes/L8_129b9cff9a0b2a4a3f12926d98614375.jpg,2,0.993
MEMS_devices_and_electrodes/L8_6315341c4005b870dde2d7dcb5e52204.jpg,Patterned_surface/L1_faaea346e26b3854a2f1059f2416d42f.jpg,2,0.993
Nanowires/L6_56a3c42911611eee524da38c7e7f8966.jpg,Nanowires/L6_ed3e062ee17c376e27679923e5ca1dfd.jpg,2,0.993
Nanowires/L6_8b7308dbf10423554227d0a6570ec021.jpg,Particles/L2_a887e721869e76ef603f6e2863247c00.jpg,2,0.993
Nanowires/L6_8b7308dbf10423554227d0a6570ec021.jpg,Particles/L2_83138c0b7bd054c362bf85a9174d7883.jpg,2,0.993
Nanowires/L6_8b7308dbf10423554227d0a6570ec021.jpg,Patterned_surface/L1_077418f8e0bda12aee970faaf1cb5a26.jpg,2,0.993
Nanowires/L6_5b83db46cc464078c0a08e42c0d9ec24.jpg,Nanowires/L6_533b2204317f29062942f43800de1278.jpg,2,0.993
Nanowires/L6_150c33b337aedc88daf8497495860f05.jpg,Particles/L2_a887e721869e76ef603f6e2863247c00.jpg,2,0.993
Nanowires/L6_150c33b337aedc88daf8497495860f05.jpg,Particles/L2_83138c0b7bd054c362bf85a9174d7883.jpg,2,0.993
Nanowires/L6_150c33b337aedc88daf8497495860f05.jpg,Patterned_surface/L1_077418f8e0bda12aee970faaf1cb5a26.jpg,2,0.993
Particles/L2_19063adb6f7fbbb441e616f027480cbc.jpg,Patterned_surface/L1_ecc0e7ee0524fda473ac31147ef76b1d.jpg,2,0.993
Particles/L2_dae99d5241bd4c177ce1d078ccb0dad7.jpg,Patterned_surface/L1_9a4e9c307d9b296bd5c5796cca6d9c07.jpg,2,0.993
Particles/L2_dae99d5241bd4c177ce1d078ccb0dad7.jpg,Patterned_surface/L1_7b1ba11bd6d31d66a1f00eef3ebd40d8.jpg,2,0.993
Particles/L2_dae99d5241bd4c177ce1d078ccb0dad7.jpg,Patterned_surface/L1_21ee172be2a0c4340f06d9383bee7af8.jpg,2,0.993
Particles/L2_12a44546482488c97b923932f555b36b.jpg,Particles/L2_df40fe1ead9e64eddc766b33d3050783.jpg,2,0.993
Particles/L2_bc176fad029e42be3c0ec59b8d2acc27.jpg,Particles/L2_e175aaa8b20ebc350d2f22af7a0435f9.jpg,2,0.993
Particles/L2_bc176fad029e42be3c0ec59b8d2acc27.jpg,Particles/L2_2649737a24eb20af6710db8ec5ca2621.jpg,2,0.993
Particles/L2_e4624d1518be6e102b56c8947e91cf56.jpg,Patterned_surface/L1_077418f8e0bda12aee970faaf1cb5a26.jpg,2,0.993
Particles/L2_e4624d1518be6e102b56c8947e91cf56.jpg,Patterned_surface/L1_b1f39679856be3d73ee5c6260b7e3b29.jpg,2,0.993
Particles/L2_e4624d1518be6e102b56c8947e91cf56.jpg,Patterned_surface/L1_0aceacb0b3bbb83e38dd3f314b5b61b8.jpg,2,0.993
Particles/L2_b22c9cffce702f0dc0e81c34d4fc992c.jpg,Particles/L2_d3409494c8e873cd8dcdfc6aaa6ab48c.jpg,2,0.993
Particles/L2_b22c9cffce702f0dc0e81c34d4fc992c.jpg,Patterned_surface/L1_fdea28f8ecfd1e2612dab9da74a6a5eb.jpg,2,0.993
Particles/L2_a887e721869e76ef603f6e2863247c00.jpg,Particles/L2_d63db9df3014732011e7cca9964f3cfb.jpg,2,0.993
Particles/L2_a887e721869e76ef603f6e2863247c00.jpg,Patterned_surface/L1_f9e22624c10ded7a0ef37fef8b4e2898.jpg,2,0.993
Particles/L2_8256ef2507307619b88a844b912cf3b2.jpg,Patterned_surface/L1_f9e22624c10ded7a0ef37fef8b4e2898.jpg,2,0.993
Particles/L2_e7df7a6ba1727f15487f5a79c9828059.jpg,Patterned_surface/L1_1e51be760580503003d8721efc6fc454.jpg,2,0.993
Particles/L2_e7df7a6ba1727f15487f5a79c9828059.jpg,Patterned_surface/L1_f3b222517e95e7f05c8333bdc64f6101.jpg,2,0.993
Particles/L2_e7df7a6ba1727f15487f5a79c9828059.jpg,Patterned_surface/L1_d2bc91ec8103526a3a9f02a37bbc21e5.jpg,2,0.993
Particles/L2_e7df7a6ba1727f15487f5a79c9828059.jpg,Patterned_surface/L1_5cd660a83f0bb3ad337f44434b3cecf9.jpg,2,0.993
Particles/L2_e7df7a6ba1727f15487f5a79c9828059.jpg,Patterned_surface/L1_8faa88abc604c0df624e4299f1a1f76b.jpg,2,0.993
Particles/L2_50be24fcc3f85b18c853b7265ccd62a1.jpg,Patterned_surface/L1_12a3fcc1f9c6007dfd333a6181b3658a.jpg,2,0.993
Particles/L2_50be24fcc3f85b18c853b7265ccd62a1.jpg,Patterned_surface/L1_dee38c964aaef0ddfc5e416d8eb8c15c.jpg,2,0.993
Particles/L2_50be24fcc3f85b18c853b7265ccd62a1.jpg,Patterned_surface/L1_5021643b38cdd1295977413fcb253aeb.jpg,2,0.993
Particles/L2_50be24fcc3f85b18c853b7265ccd62a1.jpg,Patterned_surface/L1_61f6cbc719307a4a14388e2dd99b49fd.jpg,2,0.993
Particles/L2_50be24fcc3f85b18c853b7265ccd62a1.jpg,Patterned_surface/L1_17352db8bfcc27adc16898598fcbcec9.jpg,2,0.993
Particles/L2_a7b10826e7044653c7d4d5e9d25ba81f.jpg,Particles/L2_930aa52a4dc7fa17c084a1d76506623b.jpg,2,0.993
Particles/L2_d0c471a10b2801c742396882d8a8c658.jpg,Particles/L2_d63db9df3014732011e7cca9964f3cfb.jpg,2,0.993
Particles/L2_f57990cb45c3b9be5eeadb02db7286c3.jpg,Patterned_surface/L1_6f3124f44bd5d99e3ae7d4123f7d6881.jpg,2,0.993
Particles/L2_dbb29d026368ad700b8584d586d98d61.jpg,Patterned_surface/L1_bde34242a76037599dd403d1f6ea41e7.jpg,2,0.993
Particles/L2_20113e1ecb0a03825874dbefe1253a68.jpg,Particles/L2_7edadea8b0199e42b62843ce7f2dc3c0.jpg,2,0.993
Particles/L2_ccfd792a00295909614082b1666f5f15.jpg,Patterned_surface/L1_dee38c964aaef0ddfc5e416d8eb8c15c.jpg,2,0.993
Particles/L2_a288a776f6b0d78a48d35382b0c7d8de.jpg,Patterned_surface/L1_90614f6f9f6b26a1bbde525c11f2516e.jpg,2,0.993
Particles/L2_d63db9df3014732011e7cca9964f3cfb.jpg,Patterned_surface/L1_9c80afea250960bcb6353e4c15eaa9d5.jpg,2,0.993
Particles/L2_d63db9df3014732011e7cca9964f3cfb.jpg,Patterned_surface/L1_d2bc91ec8103526a3a9f02a37bbc21e5.jpg,2,0.993
Particles/L2_9ccc2a5640d6b98e39667aecda72071d.jpg,Patterned_surface/L1_b1f39679856be3d73ee5c6260b7e3b29.jpg,2,0.993
Particles/L2_12d454f9703bb6c5ed92d11657705865.jpg,Patterned_surface/L1_b12d11b6111ba8ba078ab57bea8fe96b.jpg,2,0.993
Particles/L2_12d454f9703bb6c5ed92d11657705865.jpg,Patterned_surface/L1_bde34242a76037599dd403d1f6ea41e7.jpg,2,0.993
Particles/L2_83138c0b7bd054c362bf85a9174d7883.jpg,Patterned_surface/L1_5e2a61ab85efac1b0425d065a7f3795f.jpg,2,0.993
Particles/L2_83138c0b7bd054c362bf85a9174d7883.jpg,Patterned_surface/L1_b12d11b6111ba8ba078ab57bea8fe96b.jpg,2,0.993
Particles/L2_e68ee93c26e0bf88856fc5a93399df3a.jpg,Patterned_surface/L1_fdea28f8ecfd1e2612dab9da74a6a5eb.jpg,2,0.993
Patterned_surface/L1_5e2a61ab85efac1b0425d065a7f3795f.jpg,Patterned_surface/L1_f3b222517e95e7f05c8333bdc64f6101.jpg,2,0.993
Patterned_surface/L1_1e51be760580503003d8721efc6fc454.jpg,Patterned_surface/L1_7273140cd90dc4da81f41dc60a87b345.jpg,2,0.993
Patterned_surface/L1_1e51be760580503003d8721efc6fc454.jpg,Patterned_surface/L1_b12d11b6111ba8ba078ab57bea8fe96b.jpg,2,0.993
Patterned_surface/L1_1e51be760580503003d8721efc6fc454.jpg,Patterned_surface/L1_6f3124f44bd5d99e3ae7d4123f7d6881.jpg,2,0.993
Patterned_surface/L1_8a4460dae68117b4dceda8bf94e9276d.jpg,Patterned_surface/L1_75fc5e2d441cdf98c4c32cae7318d74b.jpg,2,0.993
Patterned_surface/L1_8a4460dae68117b4dceda8bf94e9276d.jpg,Patterned_surface/L1_7b1ba11bd6d31d66a1f00eef3ebd40d8.jpg,2,0.993
Patterned_surface/L1_dee38c964aaef0ddfc5e416d8eb8c15c.jpg,Patterned_surface/L1_4cd72ecda50948f6e173bccf7b272cd3.jpg,2,0.993
Patterned_surface/L1_dee38c964aaef0ddfc5e416d8eb8c15c.jpg,Patterned_surface/L1_0aceacb0b3bbb83e38dd3f314b5b61b8.jpg,2,0.993
Patterned_surface/L1_dee38c964aaef0ddfc5e416d8eb8c15c.jpg,Patterned_surface/L1_75fc5e2d441cdf98c4c32cae7318d74b.jpg,2,0.993
Patterned_surface/L1_b29e3aca2f6afb22e32953e6bf21dbe8.jpg,Patterned_surface/L1_1888ca0916f8bf9e172d91f219b5f5ac.jpg,2,0.993
Patterned_surface/L1_47e0c93453ed9818a67aa792d0b4aab1.jpg,Patterned_surface/L1_67bde896390fc0efd471a84bb6ded653.jpg,2,0.993
Patterned_surface/L1_24d80e3569f9d8ec3d0d5d17927b2a00.jpg,Patterned_surface/L1_f6d44fefc02e816516edc79d441a9781.jpg,2,0.993
Patterned_surface/L1_9a4e9c307d9b296bd5c5796cca6d9c07.jpg,Patterned_surface/L1_7b1ba11bd6d31d66a1f00eef3ebd40d8.jpg,2,0.993
Patterned_surface/L1_b1f39679856be3d73ee5c6260b7e3b29.jpg,Patterned_surface/L1_17352db8bfcc27adc16898598fcbcec9.jpg,2,0.993
Patterned_surface/L1_f3b222517e95e7f05c8333bdc64f6101.jpg,Patterned_surface/L1_90614f6f9f6b26a1bbde525c11f2516e.jpg,2,0.993
Patterned_surface/L1_f3b222517e95e7f05c8333bdc64f6101.jpg,Patterned_surface/L1_c8d85388ecac2c2371cfa519b7b5e68c.jpg,2,0.993
Patterned_surface/L1_7273140cd90dc4da81f41dc60a87b345.jpg,Patterned_surface/L1_f9e22624c10ded7a0ef37fef8b4e2898.jpg,2,0.993
Patterned_surface/L1_61f6cbc719307a4a14388e2dd99b49fd.jpg,Patterned_surface/L1_21ee172be2a0c4340f06d9383bee7af8.jpg,2,0.993
Patterned_surface/L1_0aceacb0b3bbb83e38dd3f314b5b61b8.jpg,Patterned_surface/L1_f1d6b006aab95e5553f3e5c3544525f1.jpg,2,0.993
Patterned_surface/L1_d2bc91ec8103526a3a9f02a37bbc21e5.jpg,Patterned_surface/L1_faaea346e26b3854a2f1059f2416d42f.jpg,2,0.993
Patterned_surface/L1_5cd660a83f0bb3ad337f44434b3cecf9.jpg,Patterned_surface/L1_877ab3c3554c4ab85d4c4f8ec6209824.jpg,2,0.993
Patterned_surface/L1_7b1ba11bd6d31d66a1f00eef3ebd40d8.jpg,Patterned_surface/L1_21ee172be2a0c4340f06d9383bee7af8.jpg,2,0.993
Patterned_surface/L1_cc6322578d2e094ec4528f27059d772a.jpg,Patterned_surface/L1_21ee172be2a0c4340f06d9383bee7af8.jpg,2,0.993
Patterned_surface/L1_f91c30655213dc1352816bddd06d2cb1.jpg,Patterned_surface/L1_35c49fedba15e84d3bad2777b5ce08db.jpg,2,0.993
Patterned_surface/L1_21ee172be2a0c4340f06d9383bee7af8.jpg,Patterned_surface/L1_17352db8bfcc27adc16898598fcbcec9.jpg,2,0.993
Tips/L5_875e722ab1cc0210ce4e193268aa58a7.jpg,Tips/L5_61421b6c71bd711458500479783b5b71.jpg,2,0.993
Tips/L5_ad33e2c2a17484c757ea3e8025e20dbb.jpg,Tips/L5_4407c4f1399cd41574ac9b45fd05b6a4.jpg,2,0.993
Films_Coated_Surface/L3_c834df1f678164556515f5ade3f736c3.jpg,Films_Coated_Surface/L3_4ce081b44b1f487d1aefa4c6d0707fa1.jpg,2,0.992
Films_Coated_Surface/L3_15862292f902084d1a08f7c5a92c31c5.jpg,Films_Coated_Surface/L3_6cb7f217ba5e767838b29d1726703a99.jpg,2,0.992
Films_Coated_Surface/L3_deb51c4f2bcd21b20bf48c8d9f2464c7.jpg,Films_Coated_Surface/L3_6cb7f217ba5e767838b29d1726703a99.jpg,2,0.992
Films_Coated_Surface/L3_deb51c4f2bcd21b20bf48c8d9f2464c7.jpg,Films_Coated_Surface/L3_d8ec6073a79dce4a76ef52ca246960b9.jpg,2,0.992
Films_Coated_Surface/L3_4ad61203f1f367f138e20ac9cd6589d5.jpg,Particles/L2_8cfe0381de41d7c353d0cd74b27b1e56.jpg,2,0.992
Films_Coated_Surface/L3_f4ff10cd0373bb873d02ac5e24ef0c2e.jpg,Particles/L2_8cfe0381de41d7c353d0cd74b27b1e56.jpg,2,0.992
Films_Coated_Surface/L3_a52374a98724c6bd0666427dffdc4650.jpg,Patterned_surface/L1_9c80afea250960bcb6353e4c15eaa9d5.jpg,2,0.992
Films_Coated_Surface/L3_b62aa2111b3b41d3bef4b771b82094be.jpg,Films_Coated_Surface/L3_d8ec6073a79dce4a76ef52ca246960b9.jpg,2,0.992
Films_Coated_Surface/L3_d8ec6073a79dce4a76ef52ca246960b9.jpg,Particles/L2_8cfe0381de41d7c353d0cd74b27b1e56.jpg,2,0.992
Films_Coated_Surface/L3_d8ec6073a79dce4a76ef52ca246960b9.jpg,Particles/L2_65cb6ffcade505e66dbbbd8328bf76ce.jpg,2,0.992
Films_Coated_Surface/L3_f644c6b6e02e71bfd0ba961731c4991d.jpg,Particles/L2_bc169c288989554d7f77d16318993d7e.jpg,2,0.992
MEMS_devices_and_electrodes/L8_6987f87701ba3ae066ff2cce95a50cc9.jpg,MEMS_devices_and_electrodes/L8_be2ad9f3434d28361e362d4c375fe453.jpg,2,0.992
MEMS_devices_and_electrodes/L8_1dd0a5db4570162168a77e548f2c868a.jpg,MEMS_devices_and_electrodes/L8_629d5170b1dc98712e5d35cabfd523d8.jpg,2,0.992
MEMS_devices_and_electrodes/L8_7cbdf0ec777e59edeabdd33b21f8ae6e.jpg,MEMS_devices_and_electrodes/L8_5fd417deef0983063feb727ee270dc2d.jpg,2,0.992
MEMS_devices_and_electrodes/L8_4adbb3265dcf73e881e8464190258711.jpg,MEMS_devices_and_electrodes/L8_a6635f1e8093bef50f7eafddf9f9b665.jpg,2,0.992
MEMS_devices_and_electrodes/L8_16233eb6e8792e28bb59f4ab7cae37d7.jpg,MEMS_devices_and_electrodes/L8_3c39047c215e192232522e475afb9e7b.jpg,2,0.992
MEMS_devices_and_electrodes/L8_b4f5c36adba0c17941fa0fad7f601d8b.jpg,MEMS_devices_and_electrodes/L8_5b28f73e4405f090c74b3aef065847df.jpg,2,0.992
Nanowires/L6_8b7308dbf10423554227d0a6570ec021.jpg,Patterned_surface/L1_c237eaf5fd8241e362c2813773ac708f.jpg,2,0.992
Nanowires/L6_150c33b337aedc88daf8497495860f05.jpg,Patterned_surface/L1_c237eaf5fd8241e362c2813773ac708f.jpg,2,0.992
Particles/L2_8cfe0381de41d7c353d0cd74b27b1e56.jpg,Particles/L2_e35ff75c8e74ea8d7c8d42ec2b010151.jpg,2,0.992
Particles/L2_19063adb6f7fbbb441e616f027480cbc.jpg,Particles/L2_e175aaa8b20ebc350d2f22af7a0435f9.jpg,2,0.992
Particles/L2_19063adb6f7fbbb441e616f027480cbc.jpg,Particles/L2_2649737a24eb20af6710db8ec5ca2621.jpg,2,0.992
Particles/L2_2a1292c7f75703674ed757b353e8926f.jpg,Particles/L2_799193501b0942ab094bbbd43db12a50.jpg,2,0.992
Particles/L2_3fec5418f847445ebe97a15274fda64d.jpg,Patterned_surface/L1_fdea28f8ecfd1e2612dab9da74a6a5eb.jpg,2,0.992
Particles/L2_dae99d5241bd4c177ce1d078ccb0dad7.jpg,Particles/L2_50be24fcc3f85b18c853b7265ccd62a1.jpg,2,0.992
Particles/L2_dae99d5241bd4c177ce1d078ccb0dad7.jpg,Patterned_surface/L1_b1f39679856be3d73ee5c6260b7e3b29.jpg,2,0.992
Particles/L2_d9d7166533b6979b2fcbe53c4afd47ff.jpg,Particles/L2_930aa52a4dc7fa17c084a1d76506623b.jpg,2,0.992
Particles/L2_d9d7166533b6979b2fcbe53c4afd47ff.jpg,Patterned_surface/L1_7273140cd90dc4da81f41dc60a87b345.jpg,2,0.992
Particles/L2_1e6ffd0d0f3b8e86211cb8511c8c44e6.jpg,Particles/L2_6e978fe60ce94a20fef7d18e4d3163e8.jpg,2,0.992
Particles/L2_bc176fad029e42be3c0ec59b8d2acc27.jpg,Patterned_surface/L1_8a4460dae68117b4dceda8bf94e9276d.jpg,2,0.992
Particles/L2_bc176fad029e42be3c0ec59b8d2acc27.jpg,Patterned_surface/L1_a8cd270a8f961d5df7f537cebc17dbc7.jpg,2,0.992
Particles/L2_bc176fad029e42be3c0ec59b8d2acc27.jpg,Patterned_surface/L1_ecc0e7ee0524fda473ac31147ef76b1d.jpg,2,0.992
Particles/L2_1138fcfda3766e21224e6d9ba7669790.jpg,Patterned_surface/L1_975a1c5bb249e28f739a26b7772d5cf1.jpg,2,0.992
Particles/L2_b5eb711fa4532953afbb9fdde7d11be1.jpg,Particles/L2_1af209034cf5bef5bd060d92a21e7a2f.jpg,2,0.992
Particles/L2_4e404486b3d6a03c555365832e2cc53c.jpg,Particles/L2_6c6460395d9e9c81b51ef9aee6b9d965.jpg,2,0.992
Particles/L2_4e404486b3d6a03c555365832e2cc53c.jpg,Particles/L2_358e6c4544e48a7440d3cb31b7eb6b87.jpg,2,0.992
Particles/L2_e4624d1518be6e102b56c8947e91cf56.jpg,Patterned_surface/L1_faaea346e26b3854a2f1059f2416d42f.jpg,2,0.992
Particles/L2_a887e721869e76ef603f6e2863247c00.jpg,Particles/L2_a7b10826e7044653c7d4d5e9d25ba81f.jpg,2,0.992
Particles/L2_a887e721869e76ef603f6e2863247c00.jpg,Particles/L2_2b70e28c22b9d03249af9e04a1bfa392.jpg,2,0.992
Particles/L2_53736d5c4a858dfe9558bb76f45f21f5.jpg,Particles/L2_50be24fcc3f85b18c853b7265ccd62a1.jpg,2,0.992
Particles/L2_53736d5c4a858dfe9558bb76f45f21f5.jpg,Patterned_surface/L1_b1f39679856be3d73ee5c6260b7e3b29.jpg,2,0.992
Particles/L2_53736d5c4a858dfe9558bb76f45f21f5.jpg,Patterned_surface/L1_0241701fa93d295278b1d2c617ddbf12.jpg,2,0.992
Particles/L2_e7df7a6ba1727f15487f5a79c9828059.jpg,Patterned_surface/L1_9c80afea250960bcb6353e4c15eaa9d5.jpg,2,0.992
Particles/L2_d0c471a10b2801c742396882d8a8c658.jpg,Particles/L2_e175aaa8b20ebc350d2f22af7a0435f9.jpg,2,0.992
Particles/L2_d0c471a10b2801c742396882d8a8c658.jpg,Particles/L2_2649737a24eb20af6710db8ec5ca2621.jpg,2,0.992
Particles/L2_f57990cb45c3b9be5eeadb02db7286c3.jpg,Patterned_surface/L1_f1d6b006aab95e5553f3e5c3544525f1.jpg,2,0.992
Particles/L2_0548c26081aab812b62045e72d931645.jpg,Particles/L2_1ec137e278e5c4c225726e9ec3bce857.jpg,2,0.992
Particles/L2_0548c26081aab812b62045e72d931645.jpg,Patterned_surface/L1_dc2975529b26df0a322a9dc2f79f96aa.jpg,2,0.992
Particles/L2_25508ba490db0440cb48669886ae0c86.jpg,Patterned_surface/L1_5e2a61ab85efac1b0425d065a7f3795f.jpg,2,0.992
Particles/L2_25508ba490db0440cb48669886ae0c86.jpg,Patterned_surface/L1_f6d44fefc02e816516edc79d441a9781.jpg,2,0.992
Particles/L2_9ccc2a5640d6b98e39667aecda72071d.jpg,Patterned_surface/L1_9c25ffc2764cc34486af259bcb4385f3.jpg,2,0.992
Particles/L2_e175aaa8b20ebc350d2f22af7a0435f9.jpg,Particles/L2_83138c0b7bd054c362bf85a9174d7883.jpg,2,0.992
Particles/L2_e4ac34da3d41fbd33944eabf1b0bb27e.jpg,Patterned_surface/L1_6250d1cad4e95bff26ae56f4595c9f70.jpg,2,0.992
Particles/L2_12d454f9703bb6c5ed92d11657705865.jpg,Patterned_surface/L1_4fda5c740bc1bf4a4154ea4d6345c66a.jpg,2,0.992
Particles/L2_12d454f9703bb6c5ed92d11657705865.jpg,Patterned_surface/L1_7273140cd90dc4da81f41dc60a87b345.jpg,2,0.992
Particles/L2_930aa52a4dc7fa17c084a1d76506623b.jpg,Patterned_surface/L1_ecc0e7ee0524fda473ac31147ef76b1d.jpg,2,0.992
Particles/L2_be43ff64948e422ef9e4a5146a675062.jpg,Patterned_surface/L1_c8d85388ecac2c2371cfa519b7b5e68c.jpg,2,0.992
Particles/L2_83138c0b7bd054c362bf85a9174d7883.jpg,Particles/L2_2649737a24eb20af6710db8ec5ca2621.jpg,2,0.992
Particles/L2_83138c0b7bd054c362bf85a9174d7883.jpg,Patterned_surface/L1_9a4e9c307d9b296bd5c5796cca6d9c07.jpg,2,0.992
Particles/L2_83138c0b7bd054c362bf85a9174d7883.jpg,Patterned_surface/L1_4fda5c740bc1bf4a4154ea4d6345c66a.jpg,2,0.992
Particles/L2_83138c0b7bd054c362bf85a9174d7883.jpg,Patterned_surface/L1_f6d44fefc02e816516edc79d441a9781.jpg,2,0.992
Particles/L2_9b87d83ea909a767f87c6f5ea5d9e882.jpg,Patterned_surface/L1_16a49ba24ad49a3c355e4883cef104ca.jpg,2,0.992
Particles/L2_1ec137e278e5c4c225726e9ec3bce857.jpg,Patterned_surface/L1_0aceacb0b3bbb83e38dd3f314b5b61b8.jpg,2,0.992
Patterned_surface/L1_f387486faf508aa9aca603b254d2469f.jpg,Patterned_surface/L1_f9e22624c10ded7a0ef37fef8b4e2898.jpg,2,0.992
Patterned_surface/L1_9c25ffc2764cc34486af259bcb4385f3.jpg,Patterned_surface/L1_6250d1cad4e95bff26ae56f4595c9f70.jpg,2,0.992
Patterned_surface/L1_8a4460dae68117b4dceda8bf94e9276d.jpg,Patterned_surface/L1_bedd8a77cbe3a2f9771f6263f23fb9a1.jpg,2,0.992
Patterned_surface/L1_47e0c93453ed9818a67aa792d0b4aab1.jpg,Patterned_surface/L1_40c68641cb5c73b1e3ca224dcd043881.jpg,2,0.992
Patterned_surface/L1_5021643b38cdd1295977413fcb253aeb.jpg,Patterned_surface/L1_b1f39679856be3d73ee5c6260b7e3b29.jpg,2,0.992
Patterned_surface/L1_5021643b38cdd1295977413fcb253aeb.jpg,Patterned_surface/L1_7b1ba11bd6d31d66a1f00eef3ebd40d8.jpg,2,0.992
Patterned_surface/L1_9a4e9c307d9b296bd5c5796cca6d9c07.jpg,Patterned_surface/L1_0241701fa93d295278b1d2c617ddbf12.jpg,2,0.992
Patterned_surface/L1_9a4e9c307d9b296bd5c5796cca6d9c07.jpg,Patterned_surface/L1_bde34242a76037599dd403d1f6ea41e7.jpg,2,0.992
Patterned_surface/L1_f3b222517e95e7f05c8333bdc64f6101.jpg,Patterned_surface/L1_0aceacb0b3bbb83e38dd3f314b5b61b8.jpg,2,0.992
Patterned_surface/L1_f3b222517e95e7f05c8333bdc64f6101.jpg,Patterned_surface/L1_f6d44fefc02e816516edc79d441a9781.jpg,2,0.992
Patterned_surface/L1_61f6cbc719307a4a14388e2dd99b49fd.jpg,Patterned_surface/L1_9c80afea250960bcb6353e4c15eaa9d5.jpg,2,0.992
Patterned_surface/L1_fdea28f8ecfd1e2612dab9da74a6a5eb.jpg,Patterned_surface/L1_21ee172be2a0c4340f06d9383bee7af8.jpg,2,0.992
Patterned_surface/L1_9c80afea250960bcb6353e4c15eaa9d5.jpg,Patterned_surface/L1_c8d85388ecac2c2371cfa519b7b5e68c.jpg,2,0.992
Patterned_surface/L1_a8cd270a8f961d5df7f537cebc17dbc7.jpg,Patterned_surface/L1_d2bc91ec8103526a3a9f02a37bbc21e5.jpg,2,0.992
Patterned_surface/L1_b12d11b6111ba8ba078ab57bea8fe96b.jpg,Patterned_surface/L1_d2bc91ec8103526a3a9f02a37bbc21e5.jpg,2,0.992
Patterned_surface/L1_b12d11b6111ba8ba078ab57bea8fe96b.jpg,Patterned_surface/L1_f9e22624c10ded7a0ef37fef8b4e2898.jpg,2,0.992
Patterned_surface/L1_e54dbb4fb48baf43058cfc05e43df54d.jpg,Patterned_surface/L1_877ab3c3554c4ab85d4c4f8ec6209824.jpg,2,0.992
Patterned_surface/L1_d2bc91ec8103526a3a9f02a37bbc21e5.jpg,Patterned_surface/L1_bde34242a76037599dd403d1f6ea41e7.jpg,2,0.992
Patterned_surface/L1_faaea346e26b3854a2f1059f2416d42f.jpg,Patterned_surface/L1_f9e22624c10ded7a0ef37fef8b4e2898.jpg,2,0.992
Patterned_surface/L1_faaea346e26b3854a2f1059f2416d42f.jpg,Patterned_surface/L1_ecc0e7ee0524fda473ac31147ef76b1d.jpg,2,0.992
Patterned_surface/L1_f9e22624c10ded7a0ef37fef8b4e2898.jpg,Patterned_surface/L1_bde34242a76037599dd403d1f6ea41e7.jpg,2,0.992
Tips/L5_1e7008d528b69a7f26012597784a41b7.jpg,Tips/L5_216d697052f23d85bb96fe6ae5626c1b.jpg,2,0.992
Biological/L7_3f69ab7da2db7838325cb98fc9948b63.jpg,Films_Coated_Surface/L3_4ad61203f1f367f138e20ac9cd6589d5.jpg,2,0.991
Biological/L7_3f69ab7da2db7838325cb98fc9948b63.jpg,Particles/L2_e35ff75c8e74ea8d7c8d42ec2b010151.jpg,2,0.991
Films_Coated_Surface/L3_deb51c4f2bcd21b20bf48c8d9f2464c7.jpg,Patterned_surface/L1_8b4021416ca0c51a9dba7ba9f22e255e.jpg,2,0.991
Films_Coated_Surface/L3_4ad61203f1f367f138e20ac9cd6589d5.jpg,Films_Coated_Surface/L3_b62aa2111b3b41d3bef4b771b82094be.jpg,2,0.991
Films_Coated_Surface/L3_f4ff10cd0373bb873d02ac5e24ef0c2e.jpg,Films_Coated_Surface/L3_6cb7f217ba5e767838b29d1726703a99.jpg,2,0.991
Films_Coated_Surface/L3_f4ff10cd0373bb873d02ac5e24ef0c2e.jpg,Films_Coated_Surface/L3_f644c6b6e02e71bfd0ba961731c4991d.jpg,2,0.991
Films_Coated_Surface/L3_a52374a98724c6bd0666427dffdc4650.jpg,Particles/L2_d63db9df3014732011e7cca9964f3cfb.jpg,2,0.991
Films_Coated_Surface/L3_b62aa2111b3b41d3bef4b771b82094be.jpg,Films_Coated_Surface/L3_2e64cc765578227c508ff64afb3f410f.jpg,2,0.991
Films_Coated_Surface/L3_25aa64b63fb5e1c17ad39a105174a063.jpg,Films_Coated_Surface/L3_4ce081b44b1f487d1aefa4c6d0707fa1.jpg,2,0.991
MEMS_devices_and_electrodes/L8_2ecb23f6e2c7ea75fca38a1dac3a5e99.jpg,MEMS_devices_and_electrodes/L8_c44b509e5a999a314523441d210a7cdc.jpg,2,0.991
MEMS_devices_and_electrodes/L8_15b7b1487413895504054df6c7b55618.jpg,MEMS_devices_and_electrodes/L8_ca6c7c997bd7a53a2001b27c48d65759.jpg,2,0.991
MEMS_devices_and_electrodes/L8_044854d2b7710dc2de7ce517ebffe220.jpg,MEMS_devices_and_electrodes/L8_d248b763377f3d489949f198d8c6ae57.jpg,2,0.991
MEMS_devices_and_electrodes/L8_8241dabb39063597038a592ee3aa9f1c.jpg,MEMS_devices_and_electrodes/L8_5fd417deef0983063feb727ee270dc2d.jpg,2,0.991
MEMS_devices_and_electrodes/L8_8c0ee0efe6318588c46d9d9c52d98e94.jpg,MEMS_devices_and_electrodes/L8_24e4a09bedae7437789ca891e588d327.jpg,2,0.991
MEMS_devices_and_electrodes/L8_c6343fbf18f82ed39f7188b48e8747eb.jpg,MEMS_devices_and_electrodes/L8_78f0ae98e090bb3cba1fcf33ab211636.jpg,2,0.991
MEMS_devices_and_electrodes/L8_78b31372a714da51db9a6690b1a5c0a1.jpg,MEMS_devices_and_electrodes/L8_f34ad86abcb4b26f444776895e002665.jpg,2,0.991
MEMS_devices_and_electrodes/L8_0a1c3d7c3e1e28efec78b3a669f46e73.jpg,MEMS_devices_and_electrodes/L8_168a51443ce38e58bda1729b21ea32d3.jpg,2,0.991
MEMS_devices_and_electrodes/L8_6f207bc657e5cd1584ede4074134480a.jpg,MEMS_devices_and_electrodes/L8_f26b66a626fbe2b756e15e5d791fa3f4.jpg,2,0.991
MEMS_devices_and_electrodes/L8_f8f6202440bb294e6b8f5a08b1e36630.jpg,MEMS_devices_and_electrodes/L8_d90241bae8e9e9dfd9422f012d538426.jpg,2,0.991
MEMS_devices_and_electrodes/L8_6315341c4005b870dde2d7dcb5e52204.jpg,Patterned_surface/L1_d2bc91ec8103526a3a9f02a37bbc21e5.jpg,2,0.991
MEMS_devices_and_electrodes/L8_6315341c4005b870dde2d7dcb5e52204.jpg,Patterned_surface/L1_ecc0e7ee0524fda473ac31147ef76b1d.jpg,2,0.991
MEMS_devices_and_electrodes/L8_b102bb3094c4f65f268501c0835e269d.jpg,MEMS_devices_and_electrodes/L8_426369bddae2d8f36347aad9d7d7ba8b.jpg,2,0.991
Nanowires/L6_eb2b84ce1d8843e816a584de38f4b24c.jpg,Nanowires/L6_6842d405fd68762ba73da501bc9ca583.jpg,2,0.991
Particles/L2_2d08a118919a33da0152be7905b00a80.jpg,Particles/L2_e8eb69400b6370311211110d3ce79f41.jpg,2,0.991
Particles/L2_2a1292c7f75703674ed757b353e8926f.jpg,Particles/L2_183f14b7de5062b264ed507c12f2aa4b.jpg,2,0.991
Particles/L2_3fec5418f847445ebe97a15274fda64d.jpg,Particles/L2_7a72c462193d1d6d011419e70dffbefe.jpg,2,0.991
Particles/L2_d9d7166533b6979b2fcbe53c4afd47ff.jpg,Particles/L2_a7b10826e7044653c7d4d5e9d25ba81f.jpg,2,0.991
Particles/L2_d9d7166533b6979b2fcbe53c4afd47ff.jpg,Particles/L2_2b70e28c22b9d03249af9e04a1bfa392.jpg,2,0.991
Particles/L2_d9d7166533b6979b2fcbe53c4afd47ff.jpg,Patterned_surface/L1_b12d11b6111ba8ba078ab57bea8fe96b.jpg,2,0.991
Particles/L2_d9d7166533b6979b2fcbe53c4afd47ff.jpg,Patterned_surface/L1_6fd96cec197769f696fd1625d5b07e82.jpg,2,0.991
Particles/L2_1e6ffd0d0f3b8e86211cb8511c8c44e6.jpg,Particles/L2_65d2bc91d8d51a98a1a8e217f4569731.jpg,2,0.991
Particles/L2_1e6ffd0d0f3b8e86211cb8511c8c44e6.jpg,Particles/L2_7f83c377215580590acc656fe051a5f1.jpg,2,0.991
Particles/L2_46791b87b794da755b42eb8505ebc5e7.jpg,Particles/L2_1ec137e278e5c4c225726e9ec3bce857.jpg,2,0.991
Particles/L2_4e404486b3d6a03c555365832e2cc53c.jpg,Particles/L2_eac104a22fe77894e69a7c2580f46958.jpg,2,0.991
Particles/L2_825f150a1cd0a9a373468f001abb72d1.jpg,Particles/L2_c25865e1204f727eea85c6ea19943b58.jpg,2,0.991
Particles/L2_a887e721869e76ef603f6e2863247c00.jpg,Particles/L2_e7df7a6ba1727f15487f5a79c9828059.jpg,2,0.991
Particles/L2_a887e721869e76ef603f6e2863247c00.jpg,Particles/L2_e175aaa8b20ebc350d2f22af7a0435f9.jpg,2,0.991
Particles/L2_a887e721869e76ef603f6e2863247c00.jpg,Particles/L2_2649737a24eb20af6710db8ec5ca2621.jpg,2,0.991
Particles/L2_a887e721869e76ef603f6e2863247c00.jpg,Patterned_surface/L1_b1f39679856be3d73ee5c6260b7e3b29.jpg,2,0.991
Particles/L2_86245e1cf28c2bd1e2c4459d97f7517d.jpg,Patterned_surface/L1_c237eaf5fd8241e362c2813773ac708f.jpg,2,0.991
Particles/L2_e7df7a6ba1727f15487f5a79c9828059.jpg,Particles/L2_d0c471a10b2801c742396882d8a8c658.jpg,2,0.991
Particles/L2_e7df7a6ba1727f15487f5a79c9828059.jpg,Patterned_surface/L1_dc2975529b26df0a322a9dc2f79f96aa.jpg,2,0.991
Particles/L2_a219a605f8e83b86f7b15e44a00a47b1.jpg,Particles/L2_76a5e9ab36f821e578287fd7d3b5c7a0.jpg,2,0.991
Particles/L2_50be24fcc3f85b18c853b7265ccd62a1.jpg,Patterned_surface/L1_9c25ffc2764cc34486af259bcb4385f3.jpg,2,0.991
Particles/L2_50be24fcc3f85b18c853b7265ccd62a1.jpg,Patterned_surface/L1_4cd72ecda50948f6e173bccf7b272cd3.jpg,2,0.991
Particles/L2_50be24fcc3f85b18c853b7265ccd62a1.jpg,Patterned_surface/L1_9c80afea250960bcb6353e4c15eaa9d5.jpg,2,0.991
Particles/L2_fba4f2541e31e318b8ddad3b15f69c4c.jpg,Particles/L2_31cdb14e7a3d2496ead9578f57b1668d.jpg,2,0.991
Particles/L2_d63db9df3014732011e7cca9964f3cfb.jpg,Particles/L2_83138c0b7bd054c362bf85a9174d7883.jpg,2,0.991
Particles/L2_d63db9df3014732011e7cca9964f3cfb.jpg,Patterned_surface/L1_dc2975529b26df0a322a9dc2f79f96aa.jpg,2,0.991
Particles/L2_d63db9df3014732011e7cca9964f3cfb.jpg,Patterned_surface/L1_f9e22624c10ded7a0ef37fef8b4e2898.jpg,2,0.991
Particles/L2_9ccc2a5640d6b98e39667aecda72071d.jpg,Patterned_surface/L1_097df3006ff390af45ed962adf3ec9c0.jpg,2,0.991
Particles/L2_e175aaa8b20ebc350d2f22af7a0435f9.jpg,Patterned_surface/L1_bedd8a77cbe3a2f9771f6263f23fb9a1.jpg,2,0.991
Particles/L2_e175aaa8b20ebc350d2f22af7a0435f9.jpg,Patterned_surface/L1_7273140cd90dc4da81f41dc60a87b345.jpg,2,0.991
Particles/L2_e175aaa8b20ebc350d2f22af7a0435f9.jpg,Patterned_surface/L1_61f6cbc719307a4a14388e2dd99b49fd.jpg,2,0.991
Particles/L2_e175aaa8b20ebc350d2f22af7a0435f9.jpg,Patterned_surface/L1_bde34242a76037599dd403d1f6ea41e7.jpg,2,0.991
Particles/L2_d3409494c8e873cd8dcdfc6aaa6ab48c.jpg,Patterned_surface/L1_1e51be760580503003d8721efc6fc454.jpg,2,0.991
Particles/L2_6f5e89b38cf353dbd483ea3fc944a49b.jpg,Patterned_surface/L1_f387486faf508aa9aca603b254d2469f.jpg,2,0.991
Particles/L2_12d454f9703bb6c5ed92d11657705865.jpg,Patterned_surface/L1_5324a23b552f703a8aa24c9b97e41218.jpg,2,0.991
Particles/L2_12d454f9703bb6c5ed92d11657705865.jpg,Patterned_surface/L1_7b1ba11bd6d31d66a1f00eef3ebd40d8.jpg,2,0.991
Particles/L2_930aa52a4dc7fa17c084a1d76506623b.jpg,Particles/L2_a10a6449371b633b7af8fbb5e176ccc5.jpg,2,0.991
Particles/L2_be43ff64948e422ef9e4a5146a675062.jpg,Patterned_surface/L1_47e0c93453ed9818a67aa792d0b4aab1.jpg,2,0.991
Particles/L2_7a72c462193d1d6d011419e70dffbefe.jpg,Patterned_surface/L1_21ee172be2a0c4340f06d9383bee7af8.jpg,2,0.991
Particles/L2_2822ca703fdf117e9c68558e8eedcdc0.jpg,Patterned_surface/L1_ecc0e7ee0524fda473ac31147ef76b1d.jpg,2,0.991
Particles/L2_2649737a24eb20af6710db8ec5ca2621.jpg,Patterned_surface/L1_7273140cd90dc4da81f41dc60a87b345.jpg,2,0.991
Particles/L2_2649737a24eb20af6710db8ec5ca2621.jpg,Patterned_surface/L1_61f6cbc719307a4a14388e2dd99b49fd.jpg,2,0.991
Particles/L2_1ec137e278e5c4c225726e9ec3bce857.jpg,Patterned_surface/L1_bedd8a77cbe3a2f9771f6263f23fb9a1.jpg,2,0.991
Patterned_surface/L1_5324a23b552f703a8aa24c9b97e41218.jpg,Patterned_surface/L1_7b1ba11bd6d31d66a1f00eef3ebd40d8.jpg,2,0.991
Patterned_surface/L1_077418f8e0bda12aee970faaf1cb5a26.jpg,Patterned_surface/L1_4cd72ecda50948f6e173bccf7b272cd3.jpg,2,0.991
Patterned_surface/L1_077418f8e0bda12aee970faaf1cb5a26.jpg,Patterned_surface/L1_d2bc91ec8103526a3a9f02a37bbc21e5.jpg,2,0.991
Patterned_surface/L1_f387486faf508aa9aca603b254d2469f.jpg,Patterned_surface/L1_9a4e9c307d9b296bd5c5796cca6d9c07.jpg,2,0.991
Patterned_surface/L1_8a4460dae68117b4dceda8bf94e9276d.jpg,Patterned_surface/L1_dee38c964aaef0ddfc5e416d8eb8c15c.jpg,2,0.991
Patterned_surface/L1_8a4460dae68117b4dceda8bf94e9276d.jpg,Patterned_surface/L1_f3b222517e95e7f05c8333bdc64f6101.jpg,2,0.991
Patterned_surface/L1_8a4460dae68117b4dceda8bf94e9276d.jpg,Patterned_surface/L1_61f6cbc719307a4a14388e2dd99b49fd.jpg,2,0.991
Patterned_surface/L1_8a4460dae68117b4dceda8bf94e9276d.jpg,Patterned_surface/L1_faaea346e26b3854a2f1059f2416d42f.jpg,2,0.991
Patterned_surface/L1_dee38c964aaef0ddfc5e416d8eb8c15c.jpg,Patterned_surface/L1_8faa88abc604c0df624e4299f1a1f76b.jpg,2,0.991
Patterned_surface/L1_4cd72ecda50948f6e173bccf7b272cd3.jpg,Patterned_surface/L1_0aceacb0b3bbb83e38dd3f314b5b61b8.jpg,2,0.991
Patterned_surface/L1_24dcbe1eeb16430f9de2e29c9985c13a.jpg,Patterned_surface/L1_6f3124f44bd5d99e3ae7d4123f7d6881.jpg,2,0.991
Patterned_surface/L1_5021643b38cdd1295977413fcb253aeb.jpg,Patterned_surface/L1_9a4e9c307d9b296bd5c5796cca6d9c07.jpg,2,0.991
Patterned_surface/L1_5021643b38cdd1295977413fcb253aeb.jpg,Patterned_surface/L1_21ee172be2a0c4340f06d9383bee7af8.jpg,2,0.991
Patterned_surface/L1_24d80e3569f9d8ec3d0d5d17927b2a00.jpg,Patterned_surface/L1_4fda5c740bc1bf4a4154ea4d6345c66a.jpg,2,0.991
Patterned_surface/L1_24d80e3569f9d8ec3d0d5d17927b2a00.jpg,Patterned_surface/L1_877ab3c3554c4ab85d4c4f8ec6209824.jpg,2,0.991
Patterned_surface/L1_9a4e9c307d9b296bd5c5796cca6d9c07.jpg,Patterned_surface/L1_5402e585c67209451c5f640d42884d79.jpg,2,0.991
Patterned_surface/L1_f3b222517e95e7f05c8333bdc64f6101.jpg,Patterned_surface/L1_5cd660a83f0bb3ad337f44434b3cecf9.jpg,2,0.991
Patterned_surface/L1_f3b222517e95e7f05c8333bdc64f6101.jpg,Patterned_surface/L1_faaea346e26b3854a2f1059f2416d42f.jpg,2,0.991
Patterned_surface/L1_f3b222517e95e7f05c8333bdc64f6101.jpg,Patterned_surface/L1_8faa88abc604c0df624e4299f1a1f76b.jpg,2,0.991
Patterned_surface/L1_7273140cd90dc4da81f41dc60a87b345.jpg,Patterned_surface/L1_d2bc91ec8103526a3a9f02a37bbc21e5.jpg,2,0.991
Patterned_surface/L1_fdea28f8ecfd1e2612dab9da74a6a5eb.jpg,Patterned_surface/L1_ecc0e7ee0524fda473ac31147ef76b1d.jpg,2,0.991
Patterned_surface/L1_dc2975529b26df0a322a9dc2f79f96aa.jpg,Patterned_surface/L1_b12d11b6111ba8ba078ab57bea8fe96b.jpg,2,0.991
Patterned_surface/L1_d2bc91ec8103526a3a9f02a37bbc21e5.jpg,Patterned_surface/L1_8db7bcabc2aeaf048b3441dc6e5f7dc3.jpg,2,0.991
Patterned_surface/L1_5cd660a83f0bb3ad337f44434b3cecf9.jpg,Patterned_surface/L1_8faa88abc604c0df624e4299f1a1f76b.jpg,2,0.991
Patterned_surface/L1_ff308cbdd8bc17a26f8e3c62480aa43d.jpg,Patterned_surface/L1_b4d9279a54eb6a613e08322e3aef1e35.jpg,2,0.991
Biological/L7_3f69ab7da2db7838325cb98fc9948b63.jpg,Films_Coated_Surface/L3_f4ff10cd0373bb873d02ac5e24ef0c2e.jpg,2,0.99
Films_Coated_Surface/L3_deb51c4f2bcd21b20bf48c8d9f2464c7.jpg,Films_Coated_Surface/L3_ed7409b9ab4b6c78a57925bea608596d.jpg,2,0.99
Films_Coated_Surface/L3_68a07fc5a80fbc1f7c6b1ee1f0063001.jpg,Films_Coated_Surface/L3_b62aa2111b3b41d3bef4b771b82094be.jpg,2,0.99
Films_Coated_Surface/L3_6cb7f217ba5e767838b29d1726703a99.jpg,Films_Coated_Surface/L3_f644c6b6e02e71bfd0ba961731c4991d.jpg,2,0.99
Films_Coated_Surface/L3_b62aa2111b3b41d3bef4b771b82094be.jpg,Films_Coated_Surface/L3_25aa64b63fb5e1c17ad39a105174a063.jpg,2,0.99
Films_Coated_Surface/L3_b62aa2111b3b41d3bef4b771b82094be.jpg,Patterned_surface/L1_8b4021416ca0c51a9dba7ba9f22e255e.jpg,2,0.99
Films_Coated_Surface/L3_d8ec6073a79dce4a76ef52ca246960b9.jpg,Films_Coated_Surface/L3_f644c6b6e02e71bfd0ba961731c4991d.jpg,2,0.99
Films_Coated_Surface/L3_4ce081b44b1f487d1aefa4c6d0707fa1.jpg,Patterned_surface/L1_8b4021416ca0c51a9dba7ba9f22e255e.jpg,2,0.99
MEMS_devices_and_electrodes/L8_519dc2717dca694391027c0567f5d10c.jpg,MEMS_devices_and_electrodes/L8_29dd462a2ecff15dda945b25789e5e2f.jpg,2,0.99
MEMS_devices_and_electrodes/L8_b6cfd1edf121d2eae9228dc52314a6bc.jpg,MEMS_devices_and_electrodes/L8_c616f16b0a3ffc7dd98849c2e991be9f.jpg,2,0.99
MEMS_devices_and_electrodes/L8_8241dabb39063597038a592ee3aa9f1c.jpg,MEMS_devices_and_electrodes/L8_fd190fc72b890b6dc046ff9fd0a3b2c3.jpg,2,0.99
MEMS_devices_and_electrodes/L8_350b239897a255feb514f1210a7d010a.jpg,MEMS_devices_and_electrodes/L8_3fc20879b4c6e1f2fe665bc963c9efdd.jpg,2,0.99
MEMS_devices_and_electrodes/L8_27bef5d7c87dddcfd096d861791df00e.jpg,MEMS_devices_and_electrodes/L8_add6016ad8b329fde055ad7b5557c3a4.jpg,2,0.99
MEMS_devices_and_electrodes/L8_7ee76ba8c6f0f912fcd9e1fff6c8f36c.jpg,MEMS_devices_and_electrodes/L8_119dd09d6c07a9808e454241b8dc0f76.jpg,2,0.99
MEMS_devices_and_electrodes/L8_6e249a1815edb52482bcdaa7f5c2a73e.jpg,MEMS_devices_and_electrodes/L8_5884487f1b51f2d76e2b0fb1483adf25.jpg,2,0.99
MEMS_devices_and_electrodes/L8_fb7f96a158d71de4b5edfd7f97677f79.jpg,MEMS_devices_and_electrodes/L8_30c40819fe0b73e765b96f66c153e003.jpg,2,0.99
MEMS_devices_and_electrodes/L8_56384b1238a9c8564507342c31f1e91c.jpg,MEMS_devices_and_electrodes/L8_1dd0a5db4570162168a77e548f2c868a.jpg,2,0.99
MEMS_devices_and_electrodes/L8_1dd0a5db4570162168a77e548f2c868a.jpg,MEMS_devices_and_electrodes/L8_4698d12f526046622551c7a8e7c39033.jpg,2,0.99
MEMS_devices_and_electrodes/L8_e2a235156aa271cf7853da4a3ac77128.jpg,MEMS_devices_and_electrodes/L8_3b31c944bcbeaaf3362b8fc02def571e.jpg,2,0.99
MEMS_devices_and_electrodes/L8_5851da3ec0e4372b7d5abd6fa61fdda7.jpg,MEMS_devices_and_electrodes/L8_90f6763da9e9e777bb51f4fd00f3ce26.jpg,2,0.99
MEMS_devices_and_electrodes/L8_6315341c4005b870dde2d7dcb5e52204.jpg,Patterned_surface/L1_a8cd270a8f961d5df7f537cebc17dbc7.jpg,2,0.99
Nanowires/L6_34e4820c4194e278fb4c6ceb549c7f44.jpg,Patterned_surface/L1_eb305cf9a53323621f87d4f0ba9b8ccc.jpg,2,0.99
Particles/L2_19063adb6f7fbbb441e616f027480cbc.jpg,Particles/L2_12d454f9703bb6c5ed92d11657705865.jpg,2,0.99
Particles/L2_19063adb6f7fbbb441e616f027480cbc.jpg,Particles/L2_a10a6449371b633b7af8fbb5e176ccc5.jpg,2,0.99
Particles/L2_19063adb6f7fbbb441e616f027480cbc.jpg,Patterned_surface/L1_1e51be760580503003d8721efc6fc454.jpg,2,0.99
Particles/L2_19063adb6f7fbbb441e616f027480cbc.jpg,Patterned_surface/L1_d2bc91ec8103526a3a9f02a37bbc21e5.jpg,2,0.99
Particles/L2_3fec5418f847445ebe97a15274fda64d.jpg,Particles/L2_36664f0e2505edb5f5845816bba39111.jpg,2,0.99
Particles/L2_d9d7166533b6979b2fcbe53c4afd47ff.jpg,Patterned_surface/L1_4fda5c740bc1bf4a4154ea4d6345c66a.jpg,2,0.99
Particles/L2_83159783ce10fa8642496a578399fe6c.jpg,Particles/L2_253dcca9ebf8461dfa1ca260e8f0141d.jpg,2,0.99
Particles/L2_bc176fad029e42be3c0ec59b8d2acc27.jpg,Patterned_surface/L1_f3b222517e95e7f05c8333bdc64f6101.jpg,2,0.99
Particles/L2_46791b87b794da755b42eb8505ebc5e7.jpg,Patterned_surface/L1_009c7128293e93679c8f466a9cf9e4cc.jpg,2,0.99
Particles/L2_e4624d1518be6e102b56c8947e91cf56.jpg,Patterned_surface/L1_8a4460dae68117b4dceda8bf94e9276d.jpg,2,0.99
Particles/L2_a887e721869e76ef603f6e2863247c00.jpg,Patterned_surface/L1_2faa27fc795072c0fa487c1a4228258e.jpg,2,0.99
Particles/L2_a887e721869e76ef603f6e2863247c00.jpg,Patterned_surface/L1_faaea346e26b3854a2f1059f2416d42f.jpg,2,0.99
Particles/L2_eb01c6966c3d271e7e925b27a590894e.jpg,Particles/L2_e5b7e9df96226bd45341aabf305453db.jpg,2,0.99
Particles/L2_53736d5c4a858dfe9558bb76f45f21f5.jpg,Patterned_surface/L1_f387486faf508aa9aca603b254d2469f.jpg,2,0.99
Particles/L2_0716491d6e992a70c7ab75f533623265.jpg,Particles/L2_e78bb4eb4ba2e8623c4a0d6c7d33a705.jpg,2,0.99
Particles/L2_e7df7a6ba1727f15487f5a79c9828059.jpg,Patterned_surface/L1_24d80e3569f9d8ec3d0d5d17927b2a00.jpg,2,0.99
Particles/L2_e7df7a6ba1727f15487f5a79c9828059.jpg,Patterned_surface/L1_e54dbb4fb48baf43058cfc05e43df54d.jpg,2,0.99
Particles/L2_f57990cb45c3b9be5eeadb02db7286c3.jpg,Patterned_surface/L1_0aceacb0b3bbb83e38dd3f314b5b61b8.jpg,2,0.99
Particles/L2_f57990cb45c3b9be5eeadb02db7286c3.jpg,Patterned_surface/L1_16a49ba24ad49a3c355e4883cef104ca.jpg,2,0.99
Particles/L2_0548c26081aab812b62045e72d931645.jpg,Patterned_surface/L1_9c80afea250960bcb6353e4c15eaa9d5.jpg,2,0.99
Particles/L2_4fa454cb133a1de2f55e7934a8c22cc0.jpg,Particles/L2_057be4ef4a508fc6abe7fb2a35bfa868.jpg,2,0.99
Particles/L2_d63db9df3014732011e7cca9964f3cfb.jpg,Patterned_surface/L1_24d80e3569f9d8ec3d0d5d17927b2a00.jpg,2,0.99
Particles/L2_d63db9df3014732011e7cca9964f3cfb.jpg,Patterned_surface/L1_e54dbb4fb48baf43058cfc05e43df54d.jpg,2,0.99
Particles/L2_25508ba490db0440cb48669886ae0c86.jpg,Patterned_surface/L1_077418f8e0bda12aee970faaf1cb5a26.jpg,2,0.99
Particles/L2_e175aaa8b20ebc350d2f22af7a0435f9.jpg,Patterned_surface/L1_b12d11b6111ba8ba078ab57bea8fe96b.jpg,2,0.99
Particles/L2_e4ac34da3d41fbd33944eabf1b0bb27e.jpg,Particles/L2_d3409494c8e873cd8dcdfc6aaa6ab48c.jpg,2,0.99
Particles/L2_d3409494c8e873cd8dcdfc6aaa6ab48c.jpg,Patterned_surface/L1_24d80e3569f9d8ec3d0d5d17927b2a00.jpg,2,0.99
Particles/L2_930aa52a4dc7fa17c084a1d76506623b.jpg,Patterned_surface/L1_1e51be760580503003d8721efc6fc454.jpg,2,0.99
Particles/L2_d0163e4dba3b32d9e4e7ac25c2a24b79.jpg,Particles/L2_3fcbbb97d68caf390f74d316d16ad764.jpg,2,0.99
Particles/L2_83138c0b7bd054c362bf85a9174d7883.jpg,Patterned_surface/L1_077418f8e0bda12aee970faaf1cb5a26.jpg,2,0.99
Particles/L2_83138c0b7bd054c362bf85a9174d7883.jpg,Patterned_surface/L1_7b1ba11bd6d31d66a1f00eef3ebd40d8.jpg,2,0.99
Particles/L2_83138c0b7bd054c362bf85a9174d7883.jpg,Patterned_surface/L1_21ee172be2a0c4340f06d9383bee7af8.jpg,2,0.99
Particles/L2_aaf087dc25acc9bbed8635eae1a38b1f.jpg,Patterned_surface/L1_b1f39679856be3d73ee5c6260b7e3b29.jpg,2,0.99
Particles/L2_7a72c462193d1d6d011419e70dffbefe.jpg,Patterned_surface/L1_2faa27fc795072c0fa487c1a4228258e.jpg,2,0.99
Particles/L2_2822ca703fdf117e9c68558e8eedcdc0.jpg,Particles/L2_1ec137e278e5c4c225726e9ec3bce857.jpg,2,0.99
Particles/L2_2649737a24eb20af6710db8ec5ca2621.jpg,Patterned_surface/L1_bedd8a77cbe3a2f9771f6263f23fb9a1.jpg,2,0.99
Particles/L2_2649737a24eb20af6710db8ec5ca2621.jpg,Patterned_surface/L1_b12d11b6111ba8ba078ab57bea8fe96b.jpg,2,0.99
Particles/L2_2649737a24eb20af6710db8ec5ca2621.jpg,Patterned_surface/L1_f9e22624c10ded7a0ef37fef8b4e2898.jpg,2,0.99
Particles/L2_2649737a24eb20af6710db8ec5ca2621.jpg,Patterned_surface/L1_bde34242a76037599dd403d1f6ea41e7.jpg,2,0.99
Particles/L2_1ec137e278e5c4c225726e9ec3bce857.jpg,Patterned_surface/L1_8a4460dae68117b4dceda8bf94e9276d.jpg,2,0.99
Particles/L2_1ec137e278e5c4c225726e9ec3bce857.jpg,Patterned_surface/L1_61f6cbc719307a4a14388e2dd99b49fd.jpg,2,0.99
Particles/L2_1ec137e278e5c4c225726e9ec3bce857.jpg,Patterned_surface/L1_9c80afea250960bcb6353e4c15eaa9d5.jpg,2,0.99
Particles/L2_1ec137e278e5c4c225726e9ec3bce857.jpg,Patterned_surface/L1_ecc0e7ee0524fda473ac31147ef76b1d.jpg,2,0.99
Particles/L2_a10a6449371b633b7af8fbb5e176ccc5.jpg,Patterned_surface/L1_7273140cd90dc4da81f41dc60a87b345.jpg,2,0.99
Particles/L2_a10a6449371b633b7af8fbb5e176ccc5.jpg,Patterned_surface/L1_fdea28f8ecfd1e2612dab9da74a6a5eb.jpg,2,0.99
Patterned_surface/L1_12a3fcc1f9c6007dfd333a6181b3658a.jpg,Patterned_surface/L1_17352db8bfcc27adc16898598fcbcec9.jpg,2,0.99
Patterned_surface/L1_1e51be760580503003d8721efc6fc454.jpg,Patterned_surface/L1_ecc0e7ee0524fda473ac31147ef76b1d.jpg,2,0.99
Patterned_surface/L1_521ec8abe77d44b090590a90f5aac2b6.jpg,Patterned_surface/L1_c237eaf5fd8241e362c2813773ac708f.jpg,2,0.99
Patterned_surface/L1_4cd72ecda50948f6e173bccf7b272cd3.jpg,Patterned_surface/L1_75fc5e2d441cdf98c4c32cae7318d74b.jpg,2,0.99
Patterned_surface/L1_4cd72ecda50948f6e173bccf7b272cd3.jpg,Patterned_surface/L1_5cd660a83f0bb3ad337f44434b3cecf9.jpg,2,0.99
Patterned_surface/L1_4cd72ecda50948f6e173bccf7b272cd3.jpg,Patterned_surface/L1_faaea346e26b3854a2f1059f2416d42f.jpg,2,0.99
Patterned_surface/L1_47e0c93453ed9818a67aa792d0b4aab1.jpg,Patterned_surface/L1_2cbfa8411fd7b19939202ebbb34414e7.jpg,2,0.99
Patterned_surface/L1_af5d1ef55a0bd0a43fa9d407697993c8.jpg,Patterned_surface/L1_ee0a77c49839c7894b43751775bb3012.jpg,2,0.99
Patterned_surface/L1_24d80e3569f9d8ec3d0d5d17927b2a00.jpg,Patterned_surface/L1_bde34242a76037599dd403d1f6ea41e7.jpg,2,0.99
Patterned_surface/L1_f3b222517e95e7f05c8333bdc64f6101.jpg,Patterned_surface/L1_9c80afea250960bcb6353e4c15eaa9d5.jpg,2,0.99
Patterned_surface/L1_cb5e78b2f91ac8edd189be23c1f87c80.jpg,Patterned_surface/L1_cc6322578d2e094ec4528f27059d772a.jpg,2,0.99
Patterned_surface/L1_7273140cd90dc4da81f41dc60a87b345.jpg,Patterned_surface/L1_dc2975529b26df0a322a9dc2f79f96aa.jpg,2,0.99
Patterned_surface/L1_e54dbb4fb48baf43058cfc05e43df54d.jpg,Patterned_surface/L1_bde34242a76037599dd403d1f6ea41e7.jpg,2,0.99
Patterned_surface/L1_c8d85388ecac2c2371cfa519b7b5e68c.jpg,Patterned_surface/L1_2cbfa8411fd7b19939202ebbb34414e7.jpg,2,0.99
Biological/L7_3f69ab7da2db7838325cb98fc9948b63.jpg,Films_Coated_Surface/L3_d8ec6073a79dce4a76ef52ca246960b9.jpg,2,0.989
Films_Coated_Surface/L3_c834df1f678164556515f5ade3f736c3.jpg,Films_Coated_Surface/L3_b62aa2111b3b41d3bef4b771b82094be.jpg,2,0.989
Films_Coated_Surface/L3_15862292f902084d1a08f7c5a92c31c5.jpg,Films_Coated_Surface/L3_2e64cc765578227c508ff64afb3f410f.jpg,2,0.989
Films_Coated_Surface/L3_deb51c4f2bcd21b20bf48c8d9f2464c7.jpg,Particles/L2_515c3edef47188d0f5e52ba5e0031920.jpg,2,0.989
Films_Coated_Surface/L3_f4ff10cd0373bb873d02ac5e24ef0c2e.jpg,Films_Coated_Surface/L3_2e64cc765578227c508ff64afb3f410f.jpg,2,0.989
Films_Coated_Surface/L3_a52374a98724c6bd0666427dffdc4650.jpg,Particles/L2_bc176fad029e42be3c0ec59b8d2acc27.jpg,2,0.989
Films_Coated_Surface/L3_a52374a98724c6bd0666427dffdc4650.jpg,Particles/L2_e7df7a6ba1727f15487f5a79c9828059.jpg,2,0.989
Films_Coated_Surface/L3_6cb7f217ba5e767838b29d1726703a99.jpg,Films_Coated_Surface/L3_d8ec6073a79dce4a76ef52ca246960b9.jpg,2,0.989
Films_Coated_Surface/L3_6cb7f217ba5e767838b29d1726703a99.jpg,Films_Coated_Surface/L3_ed7409b9ab4b6c78a57925bea608596d.jpg,2,0.989
Films_Coated_Surface/L3_b62aa2111b3b41d3bef4b771b82094be.jpg,Particles/L2_e35ff75c8e74ea8d7c8d42ec2b010151.jpg,2,0.989
Films_Coated_Surface/L3_2e64cc765578227c508ff64afb3f410f.jpg,Particles/L2_65cb6ffcade505e66dbbbd8328bf76ce.jpg,2,0.989
Films_Coated_Surface/L3_f644c6b6e02e71bfd0ba961731c4991d.jpg,Films_Coated_Surface/L3_ed7409b9ab4b6c78a57925bea608596d.jpg,2,0.989
MEMS_devices_and_electrodes/L8_c6343fbf18f82ed39f7188b48e8747eb.jpg,MEMS_devices_and_electrodes/L8_a1c25661c2e2a6b0ea5bd8e8af74de57.jpg,2,0.989
MEMS_devices_and_electrodes/L8_3fc20879b4c6e1f2fe665bc963c9efdd.jpg,MEMS_devices_and_electrodes/L8_b95046ebf6d21ba94483e5c12737e99e.jpg,2,0.989
MEMS_devices_and_electrodes/L8_3fc20879b4c6e1f2fe665bc963c9efdd.jpg,MEMS_devices_and_electrodes/L8_5fd417deef0983063feb727ee270dc2d.jpg,2,0.989
MEMS_devices_and_electrodes/L8_b6e7773b5927fb1255bd6b8fe09f5e96.jpg,MEMS_devices_and_electrodes/L8_e9df0dc58d883053ac83c2228ac344cb.jpg,2,0.989
MEMS_devices_and_electrodes/L8_56384b1238a9c8564507342c31f1e91c.jpg,MEMS_devices_and_electrodes/L8_4698d12f526046622551c7a8e7c39033.jpg,2,0.989
MEMS_devices_and_electrodes/L8_f8116111aa1533709c83dcf9f1459b7b.jpg,MEMS_devices_and_electrodes/L8_64e34ff14b091d298baf3f214b7c587b.jpg,2,0.989
MEMS_devices_and_electrodes/L8_8b5d4ed7773648a3b7bc83d4c6a9e011.jpg,MEMS_devices_and_electrodes/L8_f11d90ed44b0597af7e7481ddbdb5ac9.jpg,2,0.989
MEMS_devices_and_electrodes/L8_e2a235156aa271cf7853da4a3ac77128.jpg,MEMS_devices_and_electrodes/L8_b5b5c9338eb789981fc77cefd013d970.jpg,2,0.989
MEMS_devices_and_electrodes/L8_e2a235156aa271cf7853da4a3ac77128.jpg,MEMS_devices_and_electrodes/L8_793585d486ae5d76610054eff6f39f64.jpg,2,0.989
MEMS_devices_and_electrodes/L8_b897508a7b937a324e35572d7669ba98.jpg,MEMS_devices_and_electrodes/L8_e9df0dc58d883053ac83c2228ac344cb.jpg,2,0.989
MEMS_devices_and_electrodes/L8_629d5170b1dc98712e5d35cabfd523d8.jpg,MEMS_devices_and_electrodes/L8_d57b95e598e2149863bdd2b461bece25.jpg,2,0.989
Particles/L2_316dbf3cd5ca041649e8460a47a9f39b.jpg,Particles/L2_0548c26081aab812b62045e72d931645.jpg,2,0.989
Particles/L2_7c9fd028c21a4b367596dbe38039f31a.jpg,Particles/L2_7a72c462193d1d6d011419e70dffbefe.jpg,2,0.989
Particles/L2_19063adb6f7fbbb441e616f027480cbc.jpg,Patterned_surface/L1_dc2975529b26df0a322a9dc2f79f96aa.jpg,2,0.989
Particles/L2_610281606b6d3f138df67e8060011cd5.jpg,Particles/L2_a2880bf8f1c08c9d1e30380cf06a2ef8.jpg,2,0.989
Particles/L2_2f3697a888b87687cc0cbfcea1d37857.jpg,Particles/L2_fe44f82d843dc0369adbb0d43922299b.jpg,2,0.989
Particles/L2_086f697e94f1878199bd2d22686b41cf.jpg,Particles/L2_c25865e1204f727eea85c6ea19943b58.jpg,2,0.989
Particles/L2_a27806e57a5f4d602c647a46b5d9da88.jpg,Particles/L2_91768a0832556ad98b3652e55aa8fa69.jpg,2,0.989
Particles/L2_d9d7166533b6979b2fcbe53c4afd47ff.jpg,Patterned_surface/L1_077418f8e0bda12aee970faaf1cb5a26.jpg,2,0.989
Particles/L2_7652f27d83b8cb794e5235b8cd48e05c.jpg,Particles/L2_9e3267fa53eed0fc3ca64bf44b8f2ce8.jpg,2,0.989
Particles/L2_1a470957a889ffecc3844c25df3cf3ea.jpg,Particles/L2_92c39a8afbf90d2fe40d2c6ddbc19660.jpg,2,0.989
Particles/L2_a8d5b2dc59ed9531b499d0bde5d0856c.jpg,Particles/L2_b711ac3ec28f42bf7e620df9920446ad.jpg,2,0.989
Particles/L2_b22c9cffce702f0dc0e81c34d4fc992c.jpg,Particles/L2_e68ee93c26e0bf88856fc5a93399df3a.jpg,2,0.989
Particles/L2_e08574d1436977d1baada1c0a97f98b8.jpg,Particles/L2_933f1e2364ff7de3d3aa08c419d273d6.jpg,2,0.989
Particles/L2_c0ba6cba4ba7b3d179b8e6828ef11aa5.jpg,Particles/L2_fe44f82d843dc0369adbb0d43922299b.jpg,2,0.989
Particles/L2_e7df7a6ba1727f15487f5a79c9828059.jpg,Particles/L2_83138c0b7bd054c362bf85a9174d7883.jpg,2,0.989
Particles/L2_e7df7a6ba1727f15487f5a79c9828059.jpg,Patterned_surface/L1_f9e22624c10ded7a0ef37fef8b4e2898.jpg,2,0.989
Particles/L2_fe44f82d843dc0369adbb0d43922299b.jpg,Particles/L2_eac104a22fe77894e69a7c2580f46958.jpg,2,0.989
Particles/L2_617c371531e5971f7e92150529e7a380.jpg,Patterned_surface/L1_d70c45a5f9ff9507435f7e8ee592beae.jpg,2,0.989
Particles/L2_6116f64e36ad908bde51faaa794d1ffe.jpg,Patterned_surface/L1_ecc0e7ee0524fda473ac31147ef76b1d.jpg,2,0.989
Particles/L2_92c39a8afbf90d2fe40d2c6ddbc19660.jpg,Particles/L2_c893104df418861b79f70128eca8e88b.jpg,2,0.989
Particles/L2_d63db9df3014732011e7cca9964f3cfb.jpg,Patterned_surface/L1_6c91f522638a82c46b83a0bf630bf3d1.jpg,2,0.989
Particles/L2_25508ba490db0440cb48669886ae0c86.jpg,Patterned_surface/L1_faaea346e26b3854a2f1059f2416d42f.jpg,2,0.989
Particles/L2_36664f0e2505edb5f5845816bba39111.jpg,Patterned_surface/L1_2faa27fc795072c0fa487c1a4228258e.jpg,2,0.989
Particles/L2_9ccc2a5640d6b98e39667aecda72071d.jpg,Patterned_surface/L1_67af70f0a9b2895f786ea2a28e92f672.jpg,2,0.989
Particles/L2_e175aaa8b20ebc350d2f22af7a0435f9.jpg,Patterned_surface/L1_f9e22624c10ded7a0ef37fef8b4e2898.jpg,2,0.989
Particles/L2_e4ac34da3d41fbd33944eabf1b0bb27e.jpg,Patterned_surface/L1_9c25ffc2764cc34486af259bcb4385f3.jpg,2,0.989
Particles/L2_e4ac34da3d41fbd33944eabf1b0bb27e.jpg,Patterned_surface/L1_9e34cccb1be55d4e87ea400e6a41f3d9.jpg,2,0.989
Particles/L2_12d454f9703bb6c5ed92d11657705865.jpg,Particles/L2_a4c21b44c88d224109b3dcf8f382255b.jpg,2,0.989
Particles/L2_12d454f9703bb6c5ed92d11657705865.jpg,Patterned_surface/L1_bedd8a77cbe3a2f9771f6263f23fb9a1.jpg,2,0.989
Particles/L2_a4c21b44c88d224109b3dcf8f382255b.jpg,Patterned_surface/L1_5324a23b552f703a8aa24c9b97e41218.jpg,2,0.989
Particles/L2_83138c0b7bd054c362bf85a9174d7883.jpg,Patterned_surface/L1_5cd660a83f0bb3ad337f44434b3cecf9.jpg,2,0.989
Particles/L2_83138c0b7bd054c362bf85a9174d7883.jpg,Patterned_surface/L1_faaea346e26b3854a2f1059f2416d42f.jpg,2,0.989
Particles/L2_7a72c462193d1d6d011419e70dffbefe.jpg,Patterned_surface/L1_40c68641cb5c73b1e3ca224dcd043881.jpg,2,0.989
Particles/L2_2822ca703fdf117e9c68558e8eedcdc0.jpg,Patterned_surface/L1_cc6322578d2e094ec4528f27059d772a.jpg,2,0.989
Particles/L2_aac47cb998b4dc38c02ef12508543e8b.jpg,Patterned_surface/L1_077418f8e0bda12aee970faaf1cb5a26.jpg,2,0.989
Particles/L2_2649737a24eb20af6710db8ec5ca2621.jpg,Patterned_surface/L1_dee38c964aaef0ddfc5e416d8eb8c15c.jpg,2,0.989
Particles/L2_1ec137e278e5c4c225726e9ec3bce857.jpg,Patterned_surface/L1_1e51be760580503003d8721efc6fc454.jpg,2,0.989
Particles/L2_1ec137e278e5c4c225726e9ec3bce857.jpg,Patterned_surface/L1_f1d6b006aab95e5553f3e5c3544525f1.jpg,2,0.989
Particles/L2_a10a6449371b633b7af8fbb5e176ccc5.jpg,Patterned_surface/L1_f9e22624c10ded7a0ef37fef8b4e2898.jpg,2,0.989
Particles/L2_680c16e502cfa9850d286e2d378368cd.jpg,Patterned_surface/L1_c237eaf5fd8241e362c2813773ac708f.jpg,2,0.989
Particles/L2_2b70e28c22b9d03249af9e04a1bfa392.jpg,Patterned_surface/L1_2faa27fc795072c0fa487c1a4228258e.jpg,2,0.989
Patterned_surface/L1_5e2a61ab85efac1b0425d065a7f3795f.jpg,Patterned_surface/L1_2cbfa8411fd7b19939202ebbb34414e7.jpg,2,0.989
Patterned_surface/L1_5324a23b552f703a8aa24c9b97e41218.jpg,Patterned_surface/L1_21ee172be2a0c4340f06d9383bee7af8.jpg,2,0.989
Patterned_surface/L1_077418f8e0bda12aee970faaf1cb5a26.jpg,Patterned_surface/L1_f9e22624c10ded7a0ef37fef8b4e2898.jpg,2,0.989
Patterned_surface/L1_8a4460dae68117b4dceda8bf94e9276d.jpg,Patterned_surface/L1_9b45bf2985478ac5bd0f70425cb2a550.jpg,2,0.989
Patterned_surface/L1_dee38c964aaef0ddfc5e416d8eb8c15c.jpg,Patterned_surface/L1_9c80afea250960bcb6353e4c15eaa9d5.jpg,2,0.989
Patterned_surface/L1_eda38eb33efece0f04dcdc042e00c594.jpg,Patterned_surface/L1_3752e72197e8c20afcf0864cb4a034e9.jpg,2,0.989
Patterned_surface/L1_ea6b2edac164071a82de7159a65e2ca8.jpg,Patterned_surface/L1_bedd8a77cbe3a2f9771f6263f23fb9a1.jpg,2,0.989
Patterned_surface/L1_47e0c93453ed9818a67aa792d0b4aab1.jpg,Patterned_surface/L1_24d80e3569f9d8ec3d0d5d17927b2a00.jpg,2,0.989
Patterned_surface/L1_24dcbe1eeb16430f9de2e29c9985c13a.jpg,Patterned_surface/L1_f3b222517e95e7f05c8333bdc64f6101.jpg,2,0.989
Patterned_surface/L1_24dcbe1eeb16430f9de2e29c9985c13a.jpg,Patterned_surface/L1_70c3ee21568a28afe17ebeee19399ac7.jpg,2,0.989
Patterned_surface/L1_24d80e3569f9d8ec3d0d5d17927b2a00.jpg,Patterned_surface/L1_c8d85388ecac2c2371cfa519b7b5e68c.jpg,2,0.989
Patterned_surface/L1_9a4e9c307d9b296bd5c5796cca6d9c07.jpg,Patterned_surface/L1_40c68641cb5c73b1e3ca224dcd043881.jpg,2,0.989
Patterned_surface/L1_9a4e9c307d9b296bd5c5796cca6d9c07.jpg,Patterned_surface/L1_21ee172be2a0c4340f06d9383bee7af8.jpg,2,0.989
Patterned_surface/L1_24fce50d8436a9fecaa4692993ea88d5.jpg,Patterned_surface/L1_1716a281995b54cac077ce674589dfe0.jpg,2,0.989
Patterned_surface/L1_bedd8a77cbe3a2f9771f6263f23fb9a1.jpg,Patterned_surface/L1_dc2975529b26df0a322a9dc2f79f96aa.jpg,2,0.989
Patterned_surface/L1_3453e1992b5aa84489d08f75e39359ab.jpg,Patterned_surface/L1_c8d85388ecac2c2371cfa519b7b5e68c.jpg,2,0.989
Patterned_surface/L1_0aceacb0b3bbb83e38dd3f314b5b61b8.jpg,Patterned_surface/L1_4a5114f072a34eeaa9802e61be61d908.jpg,2,0.989
Patterned_surface/L1_f6d44fefc02e816516edc79d441a9781.jpg,Patterned_surface/L1_2cbfa8411fd7b19939202ebbb34414e7.jpg,2,0.989
Patterned_surface/L1_7b1ba11bd6d31d66a1f00eef3ebd40d8.jpg,Patterned_surface/L1_cc6322578d2e094ec4528f27059d772a.jpg,2,0.989
Patterned_surface/L1_7b1ba11bd6d31d66a1f00eef3ebd40d8.jpg,Patterned_surface/L1_4a5114f072a34eeaa9802e61be61d908.jpg,2,0.989
Tips/L5_e8aa955050d5a358b1ca59150f7188fa.jpg,Tips/L5_405f3e883a302119a1b5b2189f948787.jpg,2,0.989
Films_Coated_Surface/L3_c834df1f678164556515f5ade3f736c3.jpg,Films_Coated_Surface/L3_f644c6b6e02e71bfd0ba961731c4991d.jpg,2,0.988
Films_Coated_Surface/L3_15862292f902084d1a08f7c5a92c31c5.jpg,Films_Coated_Surface/L3_25aa64b63fb5e1c17ad39a105174a063.jpg,2,0.988
Films_Coated_Surface/L3_15862292f902084d1a08f7c5a92c31c5.jpg,Patterned_surface/L1_8b4021416ca0c51a9dba7ba9f22e255e.jpg,2,0.988
Films_Coated_Surface/L3_a52374a98724c6bd0666427dffdc4650.jpg,Patterned_surface/L1_f3b222517e95e7f05c8333bdc64f6101.jpg,2,0.988
Films_Coated_Surface/L3_2e64cc765578227c508ff64afb3f410f.jpg,Films_Coated_Surface/L3_f644c6b6e02e71bfd0ba961731c4991d.jpg,2,0.988
Films_Coated_Surface/L3_2e64cc765578227c508ff64afb3f410f.jpg,Films_Coated_Surface/L3_ed7409b9ab4b6c78a57925bea608596d.jpg,2,0.988
MEMS_devices_and_electrodes/L8_d4d2573e86aba208ccf29066f2f50195.jpg,MEMS_devices_and_electrodes/L8_ab72159cfcd7debe8d1ad4f9b1285fa9.jpg,2,0.988
MEMS_devices_and_electrodes/L8_e06d8e90525fcaad6a1d7e2dfc6e5bb6.jpg,MEMS_devices_and_electrodes/L8_e6a475b5cfec29441386d1d57bd9494f.jpg,2,0.988
MEMS_devices_and_electrodes/L8_b95046ebf6d21ba94483e5c12737e99e.jpg,MEMS_devices_and_electrodes/L8_a512aeec21d2301a428c1774bdd920d1.jpg,2,0.988
MEMS_devices_and_electrodes/L8_f602f6e2b6f6b71c0aa1e0169536e6c5.jpg,MEMS_devices_and_electrodes/L8_6f32024f8842ce4764d263beb7571deb.jpg,2,0.988
MEMS_devices_and_electrodes/L8_9388214c93ef4f7ec716c7066f01c749.jpg,MEMS_devices_and_electrodes/L8_1f8b52d8b8cb41c9a1958e2f72bb06ef.jpg,2,0.988
MEMS_devices_and_electrodes/L8_9388214c93ef4f7ec716c7066f01c749.jpg,MEMS_devices_and_electrodes/L8_70e5aace22c2124a8631eced2d1e7c30.jpg,2,0.988
MEMS_devices_and_electrodes/L8_22e2537feb8c30d0d77d0d4f19e75264.jpg,MEMS_devices_and_electrodes/L8_09aa4ff6b2e6a63bc5560049cd59f1cf.jpg,2,0.988
MEMS_devices_and_electrodes/L8_40855d5ca001072eef8863ad8ad53402.jpg,MEMS_devices_and_electrodes/L8_e8b53ef0fd029e51febf6f7a9656b34b.jpg,2,0.988
MEMS_devices_and_electrodes/L8_a1c25661c2e2a6b0ea5bd8e8af74de57.jpg,MEMS_devices_and_electrodes/L8_78f0ae98e090bb3cba1fcf33ab211636.jpg,2,0.988
MEMS_devices_and_electrodes/L8_dc4f1d85ac18e18bd083fdd3e3d6e1d1.jpg,MEMS_devices_and_electrodes/L8_f26b66a626fbe2b756e15e5d791fa3f4.jpg,2,0.988
MEMS_devices_and_electrodes/L8_16233eb6e8792e28bb59f4ab7cae37d7.jpg,MEMS_devices_and_electrodes/L8_79e1738bcf954d936305ff88ae3de698.jpg,2,0.988
Nanowires/L6_8b7308dbf10423554227d0a6570ec021.jpg,Particles/L2_6f3c069ff9753ee5571f9f796f807b3d.jpg,2,0.988
Nanowires/L6_150c33b337aedc88daf8497495860f05.jpg,Particles/L2_6f3c069ff9753ee5571f9f796f807b3d.jpg,2,0.988
Particles/L2_316dbf3cd5ca041649e8460a47a9f39b.jpg,Patterned_surface/L1_c8d85388ecac2c2371cfa519b7b5e68c.jpg,2,0.988
Particles/L2_7c9fd028c21a4b367596dbe38039f31a.jpg,Patterned_surface/L1_5402e585c67209451c5f640d42884d79.jpg,2,0.988
Particles/L2_8cfe0381de41d7c353d0cd74b27b1e56.jpg,Particles/L2_515c3edef47188d0f5e52ba5e0031920.jpg,2,0.988
Particles/L2_dae99d5241bd4c177ce1d078ccb0dad7.jpg,Patterned_surface/L1_12a3fcc1f9c6007dfd333a6181b3658a.jpg,2,0.988
Particles/L2_bc176fad029e42be3c0ec59b8d2acc27.jpg,Patterned_surface/L1_9c80afea250960bcb6353e4c15eaa9d5.jpg,2,0.988
Particles/L2_e4624d1518be6e102b56c8947e91cf56.jpg,Patterned_surface/L1_12a3fcc1f9c6007dfd333a6181b3658a.jpg,2,0.988
Particles/L2_e4624d1518be6e102b56c8947e91cf56.jpg,Patterned_surface/L1_2cbfa8411fd7b19939202ebbb34414e7.jpg,2,0.988
Particles/L2_3621ef72e903b93fb15eec71525f2cbe.jpg,Particles/L2_358e6c4544e48a7440d3cb31b7eb6b87.jpg,2,0.988
Particles/L2_cba632a26d14fa9a951da1f1ef28ae48.jpg,Particles/L2_f5a971d7e9723a5e02d8dca64c2a9750.jpg,2,0.988
Particles/L2_e7df7a6ba1727f15487f5a79c9828059.jpg,Patterned_surface/L1_6c91f522638a82c46b83a0bf630bf3d1.jpg,2,0.988
Particles/L2_50be24fcc3f85b18c853b7265ccd62a1.jpg,Particles/L2_e175aaa8b20ebc350d2f22af7a0435f9.jpg,2,0.988
Particles/L2_50be24fcc3f85b18c853b7265ccd62a1.jpg,Patterned_surface/L1_9b45bf2985478ac5bd0f70425cb2a550.jpg,2,0.988
Particles/L2_d0c471a10b2801c742396882d8a8c658.jpg,Patterned_surface/L1_8faa88abc604c0df624e4299f1a1f76b.jpg,2,0.988
Particles/L2_c4135d39e5415093b39c6c56bd1e8d07.jpg,Particles/L2_31cdb14e7a3d2496ead9578f57b1668d.jpg,2,0.988
Particles/L2_377cf52d27e4d239f3b709c3c8303ee9.jpg,Particles/L2_73ec91b7b75cb7e0e0e6d92d9aae805d.jpg,2,0.988
Particles/L2_6116f64e36ad908bde51faaa794d1ffe.jpg,Particles/L2_1ec137e278e5c4c225726e9ec3bce857.jpg,2,0.988
Particles/L2_f57990cb45c3b9be5eeadb02db7286c3.jpg,Patterned_surface/L1_8a4460dae68117b4dceda8bf94e9276d.jpg,2,0.988
Particles/L2_f57990cb45c3b9be5eeadb02db7286c3.jpg,Patterned_surface/L1_ecc0e7ee0524fda473ac31147ef76b1d.jpg,2,0.988
Particles/L2_31cdb14e7a3d2496ead9578f57b1668d.jpg,Particles/L2_e12958dbb9ef243e4e3766cc851afa76.jpg,2,0.988
Particles/L2_25508ba490db0440cb48669886ae0c86.jpg,Patterned_surface/L1_2faa27fc795072c0fa487c1a4228258e.jpg,2,0.988
Particles/L2_36664f0e2505edb5f5845816bba39111.jpg,Patterned_surface/L1_6250d1cad4e95bff26ae56f4595c9f70.jpg,2,0.988
Particles/L2_9ccc2a5640d6b98e39667aecda72071d.jpg,Particles/L2_514a8e2ef97b718f9833b5c75096270f.jpg,2,0.988
Particles/L2_9ccc2a5640d6b98e39667aecda72071d.jpg,Patterned_surface/L1_17352db8bfcc27adc16898598fcbcec9.jpg,2,0.988
Particles/L2_e175aaa8b20ebc350d2f22af7a0435f9.jpg,Patterned_surface/L1_077418f8e0bda12aee970faaf1cb5a26.jpg,2,0.988
Particles/L2_e175aaa8b20ebc350d2f22af7a0435f9.jpg,Patterned_surface/L1_dee38c964aaef0ddfc5e416d8eb8c15c.jpg,2,0.988
Particles/L2_e175aaa8b20ebc350d2f22af7a0435f9.jpg,Patterned_surface/L1_0aceacb0b3bbb83e38dd3f314b5b61b8.jpg,2,0.988
Particles/L2_e4ac34da3d41fbd33944eabf1b0bb27e.jpg,Patterned_surface/L1_eb305cf9a53323621f87d4f0ba9b8ccc.jpg,2,0.988
Particles/L2_e12958dbb9ef243e4e3766cc851afa76.jpg,Particles/L2_358e6c4544e48a7440d3cb31b7eb6b87.jpg,2,0.988
Particles/L2_a4c21b44c88d224109b3dcf8f382255b.jpg,Patterned_surface/L1_cb5e78b2f91ac8edd189be23c1f87c80.jpg,2,0.988
Particles/L2_be43ff64948e422ef9e4a5146a675062.jpg,Patterned_surface/L1_5cd660a83f0bb3ad337f44434b3cecf9.jpg,2,0.988
Particles/L2_2649737a24eb20af6710db8ec5ca2621.jpg,Patterned_surface/L1_077418f8e0bda12aee970faaf1cb5a26.jpg,2,0.988
Particles/L2_1ec137e278e5c4c225726e9ec3bce857.jpg,Patterned_surface/L1_16a49ba24ad49a3c355e4883cef104ca.jpg,2,0.988
Particles/L2_a10a6449371b633b7af8fbb5e176ccc5.jpg,Patterned_surface/L1_b12d11b6111ba8ba078ab57bea8fe96b.jpg,2,0.988
Particles/L2_2b70e28c22b9d03249af9e04a1bfa392.jpg,Patterned_surface/L1_077418f8e0bda12aee970faaf1cb5a26.jpg,2,0.988
Patterned_surface/L1_5e2a61ab85efac1b0425d065a7f3795f.jpg,Patterned_surface/L1_24d80e3569f9d8ec3d0d5d17927b2a00.jpg,2,0.988
Patterned_surface/L1_9c25ffc2764cc34486af259bcb4385f3.jpg,Patterned_surface/L1_bedd8a77cbe3a2f9771f6263f23fb9a1.jpg,2,0.988
Patterned_surface/L1_12a3fcc1f9c6007dfd333a6181b3658a.jpg,Patterned_surface/L1_5021643b38cdd1295977413fcb253aeb.jpg,2,0.988
Patterned_surface/L1_1e51be760580503003d8721efc6fc454.jpg,Patterned_surface/L1_bedd8a77cbe3a2f9771f6263f23fb9a1.jpg,2,0.988
Patterned_surface/L1_8a4460dae68117b4dceda8bf94e9276d.jpg,Patterned_surface/L1_4cd72ecda50948f6e173bccf7b272cd3.jpg,2,0.988
Patterned_surface/L1_8a4460dae68117b4dceda8bf94e9276d.jpg,Patterned_surface/L1_976d9c7894905bd6c98fce7d315b76bf.jpg,2,0.988
Patterned_surface/L1_4cd72ecda50948f6e173bccf7b272cd3.jpg,Patterned_surface/L1_8faa88abc604c0df624e4299f1a1f76b.jpg,2,0.988
Patterned_surface/L1_ea6b2edac164071a82de7159a65e2ca8.jpg,Patterned_surface/L1_61f6cbc719307a4a14388e2dd99b49fd.jpg,2,0.988
Patterned_surface/L1_ea6b2edac164071a82de7159a65e2ca8.jpg,Patterned_surface/L1_0aceacb0b3bbb83e38dd3f314b5b61b8.jpg,2,0.988
Patterned_surface/L1_ea6b2edac164071a82de7159a65e2ca8.jpg,Patterned_surface/L1_faaea346e26b3854a2f1059f2416d42f.jpg,2,0.988
Patterned_surface/L1_c4b1d9a632cd13b0445c248b44b239b1.jpg,Patterned_surface/L1_f9e22624c10ded7a0ef37fef8b4e2898.jpg,2,0.988
Patterned_surface/L1_24d80e3569f9d8ec3d0d5d17927b2a00.jpg,Patterned_surface/L1_e54dbb4fb48baf43058cfc05e43df54d.jpg,2,0.988
Patterned_surface/L1_7273140cd90dc4da81f41dc60a87b345.jpg,Patterned_surface/L1_4a5114f072a34eeaa9802e61be61d908.jpg,2,0.988
Patterned_surface/L1_c28eccf9c11736d711469e658c248d33.jpg,Patterned_surface/L1_ee0a77c49839c7894b43751775bb3012.jpg,2,0.988
Patterned_surface/L1_fdea28f8ecfd1e2612dab9da74a6a5eb.jpg,Patterned_surface/L1_cc6322578d2e094ec4528f27059d772a.jpg,2,0.988
Patterned_surface/L1_3453e1992b5aa84489d08f75e39359ab.jpg,Patterned_surface/L1_0aceacb0b3bbb83e38dd3f314b5b61b8.jpg,2,0.988
Patterned_surface/L1_3453e1992b5aa84489d08f75e39359ab.jpg,Patterned_surface/L1_7b1ba11bd6d31d66a1f00eef3ebd40d8.jpg,2,0.988
Patterned_surface/L1_9c80afea250960bcb6353e4c15eaa9d5.jpg,Patterned_surface/L1_f1d6b006aab95e5553f3e5c3544525f1.jpg,2,0.988
Patterned_surface/L1_ad52a2a4a7f5b4309c2a4114a9ede85c.jpg,Tips/L5_99c1172b81d37a96d59f139c3cb12cea.jpg,2,0.988
Patterned_surface/L1_7b1ba11bd6d31d66a1f00eef3ebd40d8.jpg,Patterned_surface/L1_2cbfa8411fd7b19939202ebbb34414e7.jpg,2,0.988
Patterned_surface/L1_009c7128293e93679c8f466a9cf9e4cc.jpg,Patterned_surface/L1_16a49ba24ad49a3c355e4883cef104ca.jpg,2,0.988
Patterned_surface/L1_c8d85388ecac2c2371cfa519b7b5e68c.jpg,Patterned_surface/L1_6c91f522638a82c46b83a0bf630bf3d1.jpg,2,0.988
Porous_Sponge/L0_cb76311080eae373b4efd07e317a7543.jpg,Porous_Sponge/L0_f8166b8c791c0f5e8c8e55312dfec8ce.jpg,2,0.988
Tips/L5_b0e169ec877e5b3eed63df21fadcb151.jpg,Tips/L5_35e286ba55e016af58b4f4cb16f9aded.jpg,2,0.988
Tips/L5_99d404d7ab6ee91121ec9a4fb0fb1054.jpg,Tips/L5_35e286ba55e016af58b4f4cb16f9aded.jpg,2,0.988
Biological/L7_3f69ab7da2db7838325cb98fc9948b63.jpg,Films_Coated_Surface/L3_ed7409b9ab4b6c78a57925bea608596d.jpg,2,0.987
Films_Coated_Surface/L3_4ad61203f1f367f138e20ac9cd6589d5.jpg,Films_Coated_Surface/L3_6cb7f217ba5e767838b29d1726703a99.jpg,2,0.987
Films_Coated_Surface/L3_a52374a98724c6bd0666427dffdc4650.jpg,Patterned_surface/L1_8a4460dae68117b4dceda8bf94e9276d.jpg,2,0.987
Films_Coated_Surface/L3_6cb7f217ba5e767838b29d1726703a99.jpg,Films_Coated_Surface/L3_2e64cc765578227c508ff64afb3f410f.jpg,2,0.987
Films_Coated_Surface/L3_b62aa2111b3b41d3bef4b771b82094be.jpg,Patterned_surface/L1_a8227e50271272f92d69fe4f0daf405e.jpg,2,0.987
Films_Coated_Surface/L3_2e64cc765578227c508ff64afb3f410f.jpg,Films_Coated_Surface/L3_d8ec6073a79dce4a76ef52ca246960b9.jpg,2,0.987
Films_Coated_Surface/L3_2e64cc765578227c508ff64afb3f410f.jpg,Films_Coated_Surface/L3_4ce081b44b1f487d1aefa4c6d0707fa1.jpg,2,0.987
Films_Coated_Surface/L3_4ce081b44b1f487d1aefa4c6d0707fa1.jpg,Particles/L2_515c3edef47188d0f5e52ba5e0031920.jpg,2,0.987
MEMS_devices_and_electrodes/L8_b072c4047e7d12faa65407447ae98000.jpg,MEMS_devices_and_electrodes/L8_b332f29cc0d033bf07507b3495840f9e.jpg,2,0.987
MEMS_devices_and_electrodes/L8_a9551cd713615f0566d48d995d7b21e0.jpg,MEMS_devices_and_electrodes/L8_5d0fcb2b3b4b91f23c6988a1e5b18961.jpg,2,0.987
MEMS_devices_and_electrodes/L8_401610698a62b3263f12af5a3e48d116.jpg,MEMS_devices_and_electrodes/L8_f11d90ed44b0597af7e7481ddbdb5ac9.jpg,2,0.987
MEMS_devices_and_electrodes/L8_3fc20879b4c6e1f2fe665bc963c9efdd.jpg,MEMS_devices_and_electrodes/L8_d92d1e68b6aa697e354ccee337a71fdb.jpg,2,0.987
MEMS_devices_and_electrodes/L8_e7af6a38093854387c86b5b6fdbf2095.jpg,MEMS_devices_and_electrodes/L8_b5b5c9338eb789981fc77cefd013d970.jpg,2,0.987
MEMS_devices_and_electrodes/L8_a9f8962e1823d4599d34bee346bbd239.jpg,MEMS_devices_and_electrodes/L8_0f3698fb493eb3755d3337c70af720be.jpg,2,0.987
MEMS_devices_and_electrodes/L8_e9df0dc58d883053ac83c2228ac344cb.jpg,MEMS_devices_and_electrodes/L8_1f37362351e02318230b67d19fda4824.jpg,2,0.987
MEMS_devices_and_electrodes/L8_5256d1bdadd76967f769f8eea9533f7f.jpg,MEMS_devices_and_electrodes/L8_1964bf14c084e630bc1a2c5a60c1500c.jpg,2,0.987
MEMS_devices_and_electrodes/L8_b5b5c9338eb789981fc77cefd013d970.jpg,MEMS_devices_and_electrodes/L8_129b9cff9a0b2a4a3f12926d98614375.jpg,2,0.987
MEMS_devices_and_electrodes/L8_6315341c4005b870dde2d7dcb5e52204.jpg,Particles/L2_ffe7b1e4a0dbed455356a5a62d04894a.jpg,2,0.987
MEMS_devices_and_electrodes/L8_3c39047c215e192232522e475afb9e7b.jpg,MEMS_devices_and_electrodes/L8_fd190fc72b890b6dc046ff9fd0a3b2c3.jpg,2,0.987
Nanowires/L6_053037cf2a280ba8713029abfff8e067.jpg,Patterned_surface/L1_6f3124f44bd5d99e3ae7d4123f7d6881.jpg,2,0.987
Nanowires/L6_d0a2c6ec4f6bb1a3a40bf24abe496baf.jpg,Patterned_surface/L1_097df3006ff390af45ed962adf3ec9c0.jpg,2,0.987
Nanowires/L6_533b2204317f29062942f43800de1278.jpg,Nanowires/L6_09f44e4794fc35e8d1445794eaec172c.jpg,2,0.987
Particles/L2_19063adb6f7fbbb441e616f027480cbc.jpg,Patterned_surface/L1_4a5114f072a34eeaa9802e61be61d908.jpg,2,0.987
Particles/L2_7a224c0dd608ad0a32f8f419cf72c542.jpg,Particles/L2_6b38f73fe6ab17a4db3385c76993b1fb.jpg,2,0.987
Particles/L2_6b38f73fe6ab17a4db3385c76993b1fb.jpg,Particles/L2_9b5feee60e4ef3eb6e4627fc1e2d5d31.jpg,2,0.987
Particles/L2_3fec5418f847445ebe97a15274fda64d.jpg,Particles/L2_d9d7166533b6979b2fcbe53c4afd47ff.jpg,2,0.987
Particles/L2_bc176fad029e42be3c0ec59b8d2acc27.jpg,Patterned_surface/L1_d2bc91ec8103526a3a9f02a37bbc21e5.jpg,2,0.987
Particles/L2_e846b7a8f0780f0b68e79cd90d349310.jpg,Particles/L2_e12958dbb9ef243e4e3766cc851afa76.jpg,2,0.987
Particles/L2_e846b7a8f0780f0b68e79cd90d349310.jpg,Particles/L2_358e6c4544e48a7440d3cb31b7eb6b87.jpg,2,0.987
Particles/L2_e846b7a8f0780f0b68e79cd90d349310.jpg,Particles/L2_c893104df418861b79f70128eca8e88b.jpg,2,0.987
Particles/L2_14907b13a430c63fd1352012c5d4dc48.jpg,Particles/L2_62d132aecea2f981aef22c26950925bc.jpg,2,0.987
Particles/L2_97d0f27dd100e9e198a8d913ed9d3018.jpg,Patterned_surface/L1_8faa88abc604c0df624e4299f1a1f76b.jpg,2,0.987
Particles/L2_e4624d1518be6e102b56c8947e91cf56.jpg,Patterned_surface/L1_c4b1d9a632cd13b0445c248b44b239b1.jpg,2,0.987
Particles/L2_e4624d1518be6e102b56c8947e91cf56.jpg,Patterned_surface/L1_9c80afea250960bcb6353e4c15eaa9d5.jpg,2,0.987
Particles/L2_3621ef72e903b93fb15eec71525f2cbe.jpg,Particles/L2_c0ba6cba4ba7b3d179b8e6828ef11aa5.jpg,2,0.987
Particles/L2_0e346731b6a3748a85a90f8e646847fb.jpg,Particles/L2_2ec895790dd2dc317ff62bcf4315526d.jpg,2,0.987
Particles/L2_56af5aa7ebd483b9d16009d3a4bf247d.jpg,Particles/L2_c72ea62f4a64dce8e02691bb6f2e74b7.jpg,2,0.987
Particles/L2_c6284f99519bfce2ce571cfefbcb2077.jpg,Particles/L2_e08574d1436977d1baada1c0a97f98b8.jpg,2,0.987
Particles/L2_e08574d1436977d1baada1c0a97f98b8.jpg,Particles/L2_20113e1ecb0a03825874dbefe1253a68.jpg,2,0.987
Particles/L2_e08574d1436977d1baada1c0a97f98b8.jpg,Particles/L2_14d217d1208a77e55150b5e0df1f6ff2.jpg,2,0.987
Particles/L2_e08574d1436977d1baada1c0a97f98b8.jpg,Particles/L2_fe00d6aca0d79767c24c2ea8e3fd5ddd.jpg,2,0.987
Particles/L2_53736d5c4a858dfe9558bb76f45f21f5.jpg,Patterned_surface/L1_12a3fcc1f9c6007dfd333a6181b3658a.jpg,2,0.987
Particles/L2_a7a2465af06bc8dcde488732181aa460.jpg,Particles/L2_c893104df418861b79f70128eca8e88b.jpg,2,0.987
Particles/L2_c0ba6cba4ba7b3d179b8e6828ef11aa5.jpg,Particles/L2_6c6460395d9e9c81b51ef9aee6b9d965.jpg,2,0.987
Particles/L2_50be24fcc3f85b18c853b7265ccd62a1.jpg,Particles/L2_2649737a24eb20af6710db8ec5ca2621.jpg,2,0.987
Particles/L2_50be24fcc3f85b18c853b7265ccd62a1.jpg,Patterned_surface/L1_6c91f522638a82c46b83a0bf630bf3d1.jpg,2,0.987
Particles/L2_4099771e4c410ef13911a6418d300446.jpg,Particles/L2_e12958dbb9ef243e4e3766cc851afa76.jpg,2,0.987
Particles/L2_d0c471a10b2801c742396882d8a8c658.jpg,Patterned_surface/L1_f3b222517e95e7f05c8333bdc64f6101.jpg,2,0.987
Particles/L2_6116f64e36ad908bde51faaa794d1ffe.jpg,Patterned_surface/L1_cc6322578d2e094ec4528f27059d772a.jpg,2,0.987
Particles/L2_f57990cb45c3b9be5eeadb02db7286c3.jpg,Patterned_surface/L1_cc6322578d2e094ec4528f27059d772a.jpg,2,0.987
Particles/L2_6c6460395d9e9c81b51ef9aee6b9d965.jpg,Particles/L2_eac104a22fe77894e69a7c2580f46958.jpg,2,0.987
Particles/L2_0548c26081aab812b62045e72d931645.jpg,Patterned_surface/L1_6c91f522638a82c46b83a0bf630bf3d1.jpg,2,0.987
Particles/L2_a288a776f6b0d78a48d35382b0c7d8de.jpg,Patterned_surface/L1_24dcbe1eeb16430f9de2e29c9985c13a.jpg,2,0.987
Particles/L2_d63db9df3014732011e7cca9964f3cfb.jpg,Patterned_surface/L1_4a5114f072a34eeaa9802e61be61d908.jpg,2,0.987
Particles/L2_36664f0e2505edb5f5845816bba39111.jpg,Particles/L2_d3409494c8e873cd8dcdfc6aaa6ab48c.jpg,2,0.987
Particles/L2_36664f0e2505edb5f5845816bba39111.jpg,Patterned_surface/L1_90614f6f9f6b26a1bbde525c11f2516e.jpg,2,0.987
Particles/L2_e35ff75c8e74ea8d7c8d42ec2b010151.jpg,Patterned_surface/L1_a8227e50271272f92d69fe4f0daf405e.jpg,2,0.987
Particles/L2_e175aaa8b20ebc350d2f22af7a0435f9.jpg,Patterned_surface/L1_faaea346e26b3854a2f1059f2416d42f.jpg,2,0.987
Particles/L2_e4ac34da3d41fbd33944eabf1b0bb27e.jpg,Particles/L2_6eb2a1fc01852b0a5b3fd3b396d3e432.jpg,2,0.987
Particles/L2_12d454f9703bb6c5ed92d11657705865.jpg,Patterned_surface/L1_61f6cbc719307a4a14388e2dd99b49fd.jpg,2,0.987
